decision_id,doc_id,doc_version,retrieved_at
DEC_0001_20260312,edd_criteria_high_risk,v3.2,2026-03-12T17:24:05Z
DEC_0001_20260312,kyc_policy_2026,v5.0,2026-03-12T17:24:05Z
DEC_0002_20260406,rate_card_2026q1,v1.0,2026-04-06T16:14:37Z
DEC_0002_20260406,policy_credit_v2_3,v2.3,2026-04-06T16:14:37Z
DEC_0002_20260406,internal_underwriting_guide,v8.7,2026-04-06T16:14:37Z
DEC_0002_20260406,disclosure_truth_in_lending,v4.1,2026-04-06T16:14:37Z
DEC_0003_20260312,fraud_rule_2026q1,v9.4,2026-03-12T10:22:29Z
DEC_0003_20260312,step_up_auth_policy,v3.3,2026-03-12T10:22:29Z
DEC_0003_20260312,merchant_blocklist_2026_03_10,v2026.03.10,2026-03-12T10:22:29Z
DEC_0003_20260312,velocity_limits_table,v4.0,2026-03-12T10:22:29Z
DEC_0004_20260416,kbb_value_2026_03,v1.0,2026-04-16T08:11:02Z
DEC_0004_20260416,policy_property_form_hop3,v3.1,2026-04-16T08:11:02Z
DEC_0004_20260416,siu_referral_criteria,v2.4,2026-04-16T08:11:02Z
DEC_0005_20260409,kbb_value_2026_03,v1.0,2026-04-09T08:56:44Z
DEC_0005_20260409,claims_handbook_2026,v6.2,2026-04-09T08:56:44Z
DEC_0006_20260316,beneficial_owner_form,v2.1,2026-03-16T12:06:47Z
DEC_0006_20260316,kyc_policy_2026,v5.0,2026-03-16T12:06:47Z
DEC_0006_20260316,edd_criteria_high_risk,v3.2,2026-03-16T12:06:47Z
DEC_0007_20260430,beneficial_owner_form,v2.1,2026-04-30T12:39:31Z
DEC_0007_20260430,ofac_sdn_2026_03_08,v2026.03.08,2026-04-30T12:39:31Z
DEC_0007_20260430,kyc_policy_2026,v5.0,2026-04-30T12:39:31Z
DEC_0007_20260430,edd_criteria_high_risk,v3.2,2026-04-30T12:39:31Z
DEC_0008_20260307,ofac_sdn_2026_03_08,v2026.03.08,2026-03-07T15:08:03Z
DEC_0008_20260307,kyc_policy_2026,v5.0,2026-03-07T15:08:03Z
DEC_0009_20260427,policy_property_form_hop3,v3.1,2026-04-27T16:55:11Z
DEC_0009_20260427,claims_handbook_2026,v6.2,2026-04-27T16:55:11Z
DEC_0010_20260419,kyc_policy_2026,v5.0,2026-04-19T18:48:58Z
DEC_0010_20260419,ofac_sdn_2026_03_08,v2026.03.08,2026-04-19T18:48:58Z
DEC_0010_20260419,beneficial_owner_form,v2.1,2026-04-19T18:48:58Z
DEC_0011_20260420,velocity_limits_table,v4.0,2026-04-20T10:09:54Z
DEC_0011_20260420,step_up_auth_policy,v3.3,2026-04-20T10:09:54Z
DEC_0012_20260427,ofac_sdn_2026_03_08,v2026.03.08,2026-04-27T11:14:07Z
DEC_0012_20260427,edd_criteria_high_risk,v3.2,2026-04-27T11:14:07Z
DEC_0012_20260427,beneficial_owner_form,v2.1,2026-04-27T11:14:07Z
DEC_0012_20260427,kyc_policy_2026,v5.0,2026-04-27T11:14:07Z
DEC_0013_20260312,velocity_limits_table,v4.0,2026-03-12T09:46:22Z
DEC_0013_20260312,fraud_rule_2026q1,v9.4,2026-03-12T09:46:22Z
DEC_0014_20260324,velocity_limits_table,v4.0,2026-03-24T12:06:24Z
DEC_0014_20260324,step_up_auth_policy,v3.3,2026-03-24T12:06:24Z
DEC_0014_20260324,fraud_rule_2026q1,v9.4,2026-03-24T12:06:24Z
DEC_0014_20260324,merchant_blocklist_2026_03_10,v2026.03.10,2026-03-24T12:06:24Z
DEC_0015_20260318,kbb_value_2026_03,v1.0,2026-03-18T09:46:09Z
DEC_0015_20260318,claims_handbook_2026,v6.2,2026-03-18T09:46:09Z
DEC_0015_20260318,policy_property_form_hop3,v3.1,2026-03-18T09:46:09Z
DEC_0016_20260420,disclosure_truth_in_lending,v4.1,2026-04-20T18:03:21Z
DEC_0016_20260420,internal_underwriting_guide,v8.7,2026-04-20T18:03:21Z
DEC_0016_20260420,rate_card_2026q1,v1.0,2026-04-20T18:03:21Z
DEC_0017_20260404,step_up_auth_policy,v3.3,2026-04-04T08:37:07Z
DEC_0017_20260404,velocity_limits_table,v4.0,2026-04-04T08:37:07Z
DEC_0017_20260404,fraud_rule_2026q1,v9.4,2026-04-04T08:37:07Z
DEC_0018_20260430,internal_underwriting_guide,v8.7,2026-04-30T14:02:11Z
DEC_0018_20260430,policy_credit_v2_3,v2.3,2026-04-30T14:02:11Z
DEC_0019_20260305,kyc_policy_2026,v5.0,2026-03-05T15:18:09Z
DEC_0019_20260305,edd_criteria_high_risk,v3.2,2026-03-05T15:18:09Z
DEC_0020_20260420,velocity_limits_table,v4.0,2026-04-20T13:45:49Z
DEC_0020_20260420,fraud_rule_2026q1,v9.4,2026-04-20T13:45:49Z
DEC_0020_20260420,step_up_auth_policy,v3.3,2026-04-20T13:45:49Z
DEC_0021_20260430,claims_handbook_2026,v6.2,2026-04-30T08:18:03Z
DEC_0021_20260430,kbb_value_2026_03,v1.0,2026-04-30T08:18:03Z
DEC_0022_20260409,beneficial_owner_form,v2.1,2026-04-09T16:52:37Z
DEC_0022_20260409,edd_criteria_high_risk,v3.2,2026-04-09T16:52:37Z
DEC_0023_20260428,claims_handbook_2026,v6.2,2026-04-28T15:42:26Z
DEC_0023_20260428,siu_referral_criteria,v2.4,2026-04-28T15:42:26Z
DEC_0024_20260325,kyc_policy_2026,v5.0,2026-03-25T16:43:51Z
DEC_0024_20260325,beneficial_owner_form,v2.1,2026-03-25T16:43:51Z
DEC_0024_20260325,edd_criteria_high_risk,v3.2,2026-03-25T16:43:51Z
DEC_0024_20260325,ofac_sdn_2026_03_08,v2026.03.08,2026-03-25T16:43:51Z
DEC_0025_20260319,claims_handbook_2026,v6.2,2026-03-19T11:58:22Z
DEC_0025_20260319,siu_referral_criteria,v2.4,2026-03-19T11:58:22Z
DEC_0026_20260421,policy_property_form_hop3,v3.1,2026-04-21T13:36:59Z
DEC_0026_20260421,claims_handbook_2026,v6.2,2026-04-21T13:36:59Z
DEC_0027_20260420,policy_property_form_hop3,v3.1,2026-04-20T17:39:01Z
DEC_0027_20260420,kbb_value_2026_03,v1.0,2026-04-20T17:39:01Z
DEC_0028_20260406,policy_credit_v2_3,v2.3,2026-04-06T08:23:19Z
DEC_0028_20260406,internal_underwriting_guide,v8.7,2026-04-06T08:23:19Z
DEC_0029_20260423,ofac_sdn_2026_03_08,v2026.03.08,2026-04-23T16:16:05Z
DEC_0029_20260423,edd_criteria_high_risk,v3.2,2026-04-23T16:16:05Z
DEC_0030_20260410,step_up_auth_policy,v3.3,2026-04-10T14:11:16Z
DEC_0030_20260410,fraud_rule_2026q1,v9.4,2026-04-10T14:11:16Z
DEC_0030_20260410,merchant_blocklist_2026_03_10,v2026.03.10,2026-04-10T14:11:16Z
DEC_0030_20260410,velocity_limits_table,v4.0,2026-04-10T14:11:16Z
DEC_0031_20260405,claims_handbook_2026,v6.2,2026-04-05T16:13:25Z
DEC_0031_20260405,kbb_value_2026_03,v1.0,2026-04-05T16:13:25Z
DEC_0032_20260429,siu_referral_criteria,v2.4,2026-04-29T15:10:05Z
DEC_0032_20260429,kbb_value_2026_03,v1.0,2026-04-29T15:10:05Z
DEC_0032_20260429,claims_handbook_2026,v6.2,2026-04-29T15:10:05Z
DEC_0033_20260406,siu_referral_criteria,v2.4,2026-04-06T10:05:10Z
DEC_0033_20260406,claims_handbook_2026,v6.2,2026-04-06T10:05:10Z
DEC_0034_20260302,policy_property_form_hop3,v3.1,2026-03-02T08:27:13Z
DEC_0034_20260302,claims_handbook_2026,v6.2,2026-03-02T08:27:13Z
DEC_0034_20260302,kbb_value_2026_03,v1.0,2026-03-02T08:27:13Z
DEC_0034_20260302,siu_referral_criteria,v2.4,2026-03-02T08:27:13Z
DEC_0035_20260426,claims_handbook_2026,v6.2,2026-04-26T11:50:11Z
DEC_0035_20260426,policy_property_form_hop3,v3.1,2026-04-26T11:50:11Z
DEC_0036_20260423,step_up_auth_policy,v3.3,2026-04-23T18:24:32Z
DEC_0036_20260423,merchant_blocklist_2026_03_10,v2026.03.10,2026-04-23T18:24:32Z
DEC_0037_20260411,kyc_policy_2026,v5.0,2026-04-11T09:56:20Z
DEC_0037_20260411,ofac_sdn_2026_03_08,v2026.03.08,2026-04-11T09:56:20Z
DEC_0037_20260411,edd_criteria_high_risk,v3.2,2026-04-11T09:56:20Z
DEC_0038_20260303,policy_credit_v2_3,v2.3,2026-03-03T10:08:26Z
DEC_0038_20260303,internal_underwriting_guide,v8.7,2026-03-03T10:08:26Z
DEC_0038_20260303,rate_card_2026q1,v1.0,2026-03-03T10:08:26Z
DEC_0039_20260420,rate_card_2026q1,v1.0,2026-04-20T14:59:17Z
DEC_0039_20260420,internal_underwriting_guide,v8.7,2026-04-20T14:59:17Z
DEC_0039_20260420,disclosure_truth_in_lending,v4.1,2026-04-20T14:59:17Z
DEC_0039_20260420,policy_credit_v2_3,v2.3,2026-04-20T14:59:17Z
DEC_0040_20260323,ofac_sdn_2026_03_08,v2026.03.08,2026-03-23T08:31:50Z
DEC_0040_20260323,edd_criteria_high_risk,v3.2,2026-03-23T08:31:50Z
DEC_0040_20260323,kyc_policy_2026,v5.0,2026-03-23T08:31:50Z
DEC_0041_20260418,ofac_sdn_2026_03_08,v2026.03.08,2026-04-18T10:06:13Z
DEC_0041_20260418,edd_criteria_high_risk,v3.2,2026-04-18T10:06:13Z
DEC_0041_20260418,kyc_policy_2026,v5.0,2026-04-18T10:06:13Z
DEC_0041_20260418,beneficial_owner_form,v2.1,2026-04-18T10:06:13Z
DEC_0042_20260405,merchant_blocklist_2026_03_10,v2026.03.10,2026-04-05T15:08:40Z
DEC_0042_20260405,fraud_rule_2026q1,v9.4,2026-04-05T15:08:40Z
DEC_0042_20260405,step_up_auth_policy,v3.3,2026-04-05T15:08:40Z
DEC_0042_20260405,velocity_limits_table,v4.0,2026-04-05T15:08:40Z
DEC_0043_20260304,beneficial_owner_form,v2.1,2026-03-04T13:31:36Z
DEC_0043_20260304,kyc_policy_2026,v5.0,2026-03-04T13:31:36Z
DEC_0043_20260304,edd_criteria_high_risk,v3.2,2026-03-04T13:31:36Z
DEC_0043_20260304,ofac_sdn_2026_03_08,v2026.03.08,2026-03-04T13:31:36Z
DEC_0044_20260303,kbb_value_2026_03,v1.0,2026-03-03T18:40:50Z
DEC_0044_20260303,policy_property_form_hop3,v3.1,2026-03-03T18:40:50Z
DEC_0044_20260303,claims_handbook_2026,v6.2,2026-03-03T18:40:50Z
DEC_0045_20260324,rate_card_2026q1,v1.0,2026-03-24T18:51:22Z
DEC_0045_20260324,disclosure_truth_in_lending,v4.1,2026-03-24T18:51:22Z
DEC_0045_20260324,policy_credit_v2_3,v2.3,2026-03-24T18:51:22Z
DEC_0045_20260324,internal_underwriting_guide,v8.7,2026-03-24T18:51:22Z
DEC_0046_20260420,internal_underwriting_guide,v8.7,2026-04-20T09:57:53Z
DEC_0046_20260420,disclosure_truth_in_lending,v4.1,2026-04-20T09:57:53Z
DEC_0047_20260326,rate_card_2026q1,v1.0,2026-03-26T13:49:13Z
DEC_0047_20260326,internal_underwriting_guide,v8.7,2026-03-26T13:49:13Z
DEC_0047_20260326,policy_credit_v2_3,v2.3,2026-03-26T13:49:13Z
DEC_0047_20260326,disclosure_truth_in_lending,v4.1,2026-03-26T13:49:13Z
DEC_0048_20260427,kyc_policy_2026,v5.0,2026-04-27T17:07:28Z
DEC_0048_20260427,beneficial_owner_form,v2.1,2026-04-27T17:07:28Z
DEC_0049_20260328,merchant_blocklist_2026_03_10,v2026.03.10,2026-03-28T13:16:07Z
DEC_0049_20260328,velocity_limits_table,v4.0,2026-03-28T13:16:07Z
DEC_0049_20260328,step_up_auth_policy,v3.3,2026-03-28T13:16:07Z
DEC_0050_20260427,fraud_rule_2026q1,v9.4,2026-04-27T18:10:26Z
DEC_0050_20260427,step_up_auth_policy,v3.3,2026-04-27T18:10:26Z
DEC_0050_20260427,velocity_limits_table,v4.0,2026-04-27T18:10:26Z
DEC_0050_20260427,merchant_blocklist_2026_03_10,v2026.03.10,2026-04-27T18:10:26Z
DEC_0051_20260413,merchant_blocklist_2026_03_10,v2026.03.10,2026-04-13T11:21:04Z
DEC_0051_20260413,step_up_auth_policy,v3.3,2026-04-13T11:21:04Z
DEC_0052_20260327,siu_referral_criteria,v2.4,2026-03-27T14:39:09Z
DEC_0052_20260327,claims_handbook_2026,v6.2,2026-03-27T14:39:09Z
DEC_0052_20260327,kbb_value_2026_03,v1.0,2026-03-27T14:39:09Z
DEC_0052_20260327,policy_property_form_hop3,v3.1,2026-03-27T14:39:09Z
DEC_0053_20260410,claims_handbook_2026,v6.2,2026-04-10T13:45:25Z
DEC_0053_20260410,siu_referral_criteria,v2.4,2026-04-10T13:45:25Z
DEC_0054_20260407,ofac_sdn_2026_03_08,v2026.03.08,2026-04-07T18:52:25Z
DEC_0054_20260407,edd_criteria_high_risk,v3.2,2026-04-07T18:52:25Z
DEC_0055_20260413,merchant_blocklist_2026_03_10,v2026.03.10,2026-04-13T15:25:25Z
DEC_0055_20260413,fraud_rule_2026q1,v9.4,2026-04-13T15:25:25Z
DEC_0055_20260413,step_up_auth_policy,v3.3,2026-04-13T15:25:25Z
DEC_0055_20260413,velocity_limits_table,v4.0,2026-04-13T15:25:25Z
DEC_0056_20260427,internal_underwriting_guide,v8.7,2026-04-27T16:31:47Z
DEC_0056_20260427,disclosure_truth_in_lending,v4.1,2026-04-27T16:31:47Z
DEC_0057_20260304,step_up_auth_policy,v3.3,2026-03-04T09:11:46Z
DEC_0057_20260304,merchant_blocklist_2026_03_10,v2026.03.10,2026-03-04T09:11:46Z
DEC_0057_20260304,fraud_rule_2026q1,v9.4,2026-03-04T09:11:46Z
DEC_0058_20260412,merchant_blocklist_2026_03_10,v2026.03.10,2026-04-12T17:10:49Z
DEC_0058_20260412,velocity_limits_table,v4.0,2026-04-12T17:10:49Z
DEC_0058_20260412,step_up_auth_policy,v3.3,2026-04-12T17:10:49Z
DEC_0058_20260412,fraud_rule_2026q1,v9.4,2026-04-12T17:10:49Z
DEC_0059_20260408,policy_credit_v2_3,v2.3,2026-04-08T11:46:01Z
DEC_0059_20260408,rate_card_2026q1,v1.0,2026-04-08T11:46:01Z
DEC_0060_20260424,fraud_rule_2026q1,v9.4,2026-04-24T17:23:50Z
DEC_0060_20260424,step_up_auth_policy,v3.3,2026-04-24T17:23:50Z
DEC_0061_20260406,step_up_auth_policy,v3.3,2026-04-06T10:16:50Z
DEC_0061_20260406,fraud_rule_2026q1,v9.4,2026-04-06T10:16:50Z
DEC_0062_20260405,merchant_blocklist_2026_03_10,v2026.03.10,2026-04-05T08:52:28Z
DEC_0062_20260405,velocity_limits_table,v4.0,2026-04-05T08:52:28Z
DEC_0062_20260405,step_up_auth_policy,v3.3,2026-04-05T08:52:28Z
DEC_0062_20260405,fraud_rule_2026q1,v9.4,2026-04-05T08:52:28Z
DEC_0063_20260320,policy_property_form_hop3,v3.1,2026-03-20T13:16:06Z
DEC_0063_20260320,siu_referral_criteria,v2.4,2026-03-20T13:16:06Z
DEC_0063_20260320,claims_handbook_2026,v6.2,2026-03-20T13:16:06Z
DEC_0063_20260320,kbb_value_2026_03,v1.0,2026-03-20T13:16:06Z
DEC_0064_20260312,beneficial_owner_form,v2.1,2026-03-12T16:22:20Z
DEC_0064_20260312,ofac_sdn_2026_03_08,v2026.03.08,2026-03-12T16:22:20Z
DEC_0064_20260312,kyc_policy_2026,v5.0,2026-03-12T16:22:20Z
DEC_0065_20260330,disclosure_truth_in_lending,v4.1,2026-03-30T15:49:56Z
DEC_0065_20260330,policy_credit_v2_3,v2.3,2026-03-30T15:49:56Z
DEC_0065_20260330,rate_card_2026q1,v1.0,2026-03-30T15:49:56Z
DEC_0066_20260307,fraud_rule_2026q1,v9.4,2026-03-07T08:39:33Z
DEC_0066_20260307,velocity_limits_table,v4.0,2026-03-07T08:39:33Z
DEC_0067_20260316,policy_credit_v2_3,v2.3,2026-03-16T17:51:12Z
DEC_0067_20260316,rate_card_2026q1,v1.0,2026-03-16T17:51:12Z
DEC_0068_20260412,beneficial_owner_form,v2.1,2026-04-12T14:59:05Z
DEC_0068_20260412,ofac_sdn_2026_03_08,v2026.03.08,2026-04-12T14:59:05Z
DEC_0069_20260411,kyc_policy_2026,v5.0,2026-04-11T13:16:24Z
DEC_0069_20260411,ofac_sdn_2026_03_08,v2026.03.08,2026-04-11T13:16:24Z
DEC_0069_20260411,beneficial_owner_form,v2.1,2026-04-11T13:16:24Z
DEC_0070_20260417,velocity_limits_table,v4.0,2026-04-17T14:23:31Z
DEC_0070_20260417,merchant_blocklist_2026_03_10,v2026.03.10,2026-04-17T14:23:31Z
DEC_0071_20260321,beneficial_owner_form,v2.1,2026-03-21T16:22:34Z
DEC_0071_20260321,edd_criteria_high_risk,v3.2,2026-03-21T16:22:34Z
DEC_0071_20260321,ofac_sdn_2026_03_08,v2026.03.08,2026-03-21T16:22:34Z
DEC_0072_20260424,policy_property_form_hop3,v3.1,2026-04-24T12:46:03Z
DEC_0072_20260424,kbb_value_2026_03,v1.0,2026-04-24T12:46:03Z
DEC_0072_20260424,claims_handbook_2026,v6.2,2026-04-24T12:46:03Z
DEC_0073_20260419,step_up_auth_policy,v3.3,2026-04-19T18:53:53Z
DEC_0073_20260419,velocity_limits_table,v4.0,2026-04-19T18:53:53Z
DEC_0074_20260429,siu_referral_criteria,v2.4,2026-04-29T11:20:47Z
DEC_0074_20260429,kbb_value_2026_03,v1.0,2026-04-29T11:20:47Z
DEC_0075_20260304,step_up_auth_policy,v3.3,2026-03-04T18:15:18Z
DEC_0075_20260304,merchant_blocklist_2026_03_10,v2026.03.10,2026-03-04T18:15:18Z
DEC_0075_20260304,fraud_rule_2026q1,v9.4,2026-03-04T18:15:18Z
DEC_0075_20260304,velocity_limits_table,v4.0,2026-03-04T18:15:18Z
DEC_0076_20260313,step_up_auth_policy,v3.3,2026-03-13T08:01:40Z
DEC_0076_20260313,merchant_blocklist_2026_03_10,v2026.03.10,2026-03-13T08:01:40Z
DEC_0077_20260321,siu_referral_criteria,v2.4,2026-03-21T12:20:36Z
DEC_0077_20260321,policy_property_form_hop3,v3.1,2026-03-21T12:20:36Z
DEC_0077_20260321,claims_handbook_2026,v6.2,2026-03-21T12:20:36Z
DEC_0077_20260321,kbb_value_2026_03,v1.0,2026-03-21T12:20:36Z
DEC_0078_20260320,rate_card_2026q1,v1.0,2026-03-20T12:55:58Z
DEC_0078_20260320,disclosure_truth_in_lending,v4.1,2026-03-20T12:55:58Z
DEC_0078_20260320,internal_underwriting_guide,v8.7,2026-03-20T12:55:58Z
DEC_0079_20260309,rate_card_2026q1,v1.0,2026-03-09T13:39:00Z
DEC_0079_20260309,policy_credit_v2_3,v2.3,2026-03-09T13:39:00Z
DEC_0079_20260309,disclosure_truth_in_lending,v4.1,2026-03-09T13:39:00Z
DEC_0079_20260309,internal_underwriting_guide,v8.7,2026-03-09T13:39:00Z
DEC_0080_20260402,merchant_blocklist_2026_03_10,v2026.03.10,2026-04-02T14:57:29Z
DEC_0080_20260402,step_up_auth_policy,v3.3,2026-04-02T14:57:29Z
DEC_0080_20260402,velocity_limits_table,v4.0,2026-04-02T14:57:29Z
DEC_0081_20260301,siu_referral_criteria,v2.4,2026-03-01T18:26:17Z
DEC_0081_20260301,kbb_value_2026_03,v1.0,2026-03-01T18:26:17Z
DEC_0081_20260301,claims_handbook_2026,v6.2,2026-03-01T18:26:17Z
DEC_0082_20260303,disclosure_truth_in_lending,v4.1,2026-03-03T17:40:45Z
DEC_0082_20260303,rate_card_2026q1,v1.0,2026-03-03T17:40:45Z
DEC_0082_20260303,policy_credit_v2_3,v2.3,2026-03-03T17:40:45Z
DEC_0083_20260401,step_up_auth_policy,v3.3,2026-04-01T09:04:08Z
DEC_0083_20260401,merchant_blocklist_2026_03_10,v2026.03.10,2026-04-01T09:04:08Z
DEC_0083_20260401,fraud_rule_2026q1,v9.4,2026-04-01T09:04:08Z
DEC_0084_20260306,step_up_auth_policy,v3.3,2026-03-06T17:55:56Z
DEC_0084_20260306,velocity_limits_table,v4.0,2026-03-06T17:55:56Z
DEC_0084_20260306,fraud_rule_2026q1,v9.4,2026-03-06T17:55:56Z
DEC_0085_20260430,siu_referral_criteria,v2.4,2026-04-30T16:25:50Z
DEC_0085_20260430,policy_property_form_hop3,v3.1,2026-04-30T16:25:50Z
DEC_0085_20260430,kbb_value_2026_03,v1.0,2026-04-30T16:25:50Z
DEC_0085_20260430,claims_handbook_2026,v6.2,2026-04-30T16:25:50Z
DEC_0086_20260325,policy_credit_v2_3,v2.3,2026-03-25T11:26:54Z
DEC_0086_20260325,internal_underwriting_guide,v8.7,2026-03-25T11:26:54Z
DEC_0086_20260325,rate_card_2026q1,v1.0,2026-03-25T11:26:54Z
DEC_0087_20260409,edd_criteria_high_risk,v3.2,2026-04-09T15:07:39Z
DEC_0087_20260409,kyc_policy_2026,v5.0,2026-04-09T15:07:39Z
DEC_0087_20260409,beneficial_owner_form,v2.1,2026-04-09T15:07:39Z
DEC_0087_20260409,ofac_sdn_2026_03_08,v2026.03.08,2026-04-09T15:07:39Z
DEC_0088_20260430,kyc_policy_2026,v5.0,2026-04-30T15:36:04Z
DEC_0088_20260430,edd_criteria_high_risk,v3.2,2026-04-30T15:36:04Z
DEC_0089_20260322,claims_handbook_2026,v6.2,2026-03-22T18:57:50Z
DEC_0089_20260322,siu_referral_criteria,v2.4,2026-03-22T18:57:50Z
DEC_0090_20260309,policy_property_form_hop3,v3.1,2026-03-09T18:20:48Z
DEC_0090_20260309,siu_referral_criteria,v2.4,2026-03-09T18:20:48Z
DEC_0090_20260309,claims_handbook_2026,v6.2,2026-03-09T18:20:48Z
DEC_0090_20260309,kbb_value_2026_03,v1.0,2026-03-09T18:20:48Z
DEC_0091_20260422,beneficial_owner_form,v2.1,2026-04-22T11:23:09Z
DEC_0091_20260422,kyc_policy_2026,v5.0,2026-04-22T11:23:09Z
DEC_0091_20260422,edd_criteria_high_risk,v3.2,2026-04-22T11:23:09Z
DEC_0092_20260408,disclosure_truth_in_lending,v4.1,2026-04-08T12:01:40Z
DEC_0092_20260408,policy_credit_v2_3,v2.3,2026-04-08T12:01:40Z
DEC_0092_20260408,rate_card_2026q1,v1.0,2026-04-08T12:01:40Z
DEC_0092_20260408,internal_underwriting_guide,v8.7,2026-04-08T12:01:40Z
DEC_0093_20260411,claims_handbook_2026,v6.2,2026-04-11T12:11:30Z
DEC_0093_20260411,policy_property_form_hop3,v3.1,2026-04-11T12:11:30Z
DEC_0094_20260429,kbb_value_2026_03,v1.0,2026-04-29T16:58:33Z
DEC_0094_20260429,policy_property_form_hop3,v3.1,2026-04-29T16:58:33Z
DEC_0095_20260417,policy_property_form_hop3,v3.1,2026-04-17T18:42:31Z
DEC_0095_20260417,kbb_value_2026_03,v1.0,2026-04-17T18:42:31Z
DEC_0095_20260417,claims_handbook_2026,v6.2,2026-04-17T18:42:31Z
DEC_0096_20260321,claims_handbook_2026,v6.2,2026-03-21T08:49:05Z
DEC_0096_20260321,policy_property_form_hop3,v3.1,2026-03-21T08:49:05Z
DEC_0096_20260321,kbb_value_2026_03,v1.0,2026-03-21T08:49:05Z
DEC_0096_20260321,siu_referral_criteria,v2.4,2026-03-21T08:49:05Z
DEC_0097_20260414,merchant_blocklist_2026_03_10,v2026.03.10,2026-04-14T16:15:31Z
DEC_0097_20260414,step_up_auth_policy,v3.3,2026-04-14T16:15:31Z
DEC_0097_20260414,velocity_limits_table,v4.0,2026-04-14T16:15:31Z
DEC_0098_20260301,kbb_value_2026_03,v1.0,2026-03-01T09:29:24Z
DEC_0098_20260301,policy_property_form_hop3,v3.1,2026-03-01T09:29:24Z
DEC_0098_20260301,claims_handbook_2026,v6.2,2026-03-01T09:29:24Z
DEC_0098_20260301,siu_referral_criteria,v2.4,2026-03-01T09:29:24Z
DEC_0099_20260328,fraud_rule_2026q1,v9.4,2026-03-28T13:33:51Z
DEC_0099_20260328,velocity_limits_table,v4.0,2026-03-28T13:33:51Z
DEC_0099_20260328,step_up_auth_policy,v3.3,2026-03-28T13:33:51Z
DEC_0100_20260320,disclosure_truth_in_lending,v4.1,2026-03-20T09:37:28Z
DEC_0100_20260320,rate_card_2026q1,v1.0,2026-03-20T09:37:28Z
DEC_0101_20260308,fraud_rule_2026q1,v9.4,2026-03-08T10:41:55Z
DEC_0101_20260308,step_up_auth_policy,v3.3,2026-03-08T10:41:55Z
DEC_0101_20260308,velocity_limits_table,v4.0,2026-03-08T10:41:55Z
DEC_0102_20260418,edd_criteria_high_risk,v3.2,2026-04-18T13:40:49Z
DEC_0102_20260418,beneficial_owner_form,v2.1,2026-04-18T13:40:49Z
DEC_0103_20260413,step_up_auth_policy,v3.3,2026-04-13T13:48:54Z
DEC_0103_20260413,fraud_rule_2026q1,v9.4,2026-04-13T13:48:54Z
DEC_0104_20260427,velocity_limits_table,v4.0,2026-04-27T12:26:29Z
DEC_0104_20260427,fraud_rule_2026q1,v9.4,2026-04-27T12:26:29Z
DEC_0104_20260427,step_up_auth_policy,v3.3,2026-04-27T12:26:29Z
DEC_0104_20260427,merchant_blocklist_2026_03_10,v2026.03.10,2026-04-27T12:26:29Z
DEC_0105_20260406,velocity_limits_table,v4.0,2026-04-06T15:07:51Z
DEC_0105_20260406,step_up_auth_policy,v3.3,2026-04-06T15:07:51Z
DEC_0105_20260406,merchant_blocklist_2026_03_10,v2026.03.10,2026-04-06T15:07:51Z
DEC_0106_20260318,claims_handbook_2026,v6.2,2026-03-18T15:46:17Z
DEC_0106_20260318,kbb_value_2026_03,v1.0,2026-03-18T15:46:17Z
DEC_0106_20260318,siu_referral_criteria,v2.4,2026-03-18T15:46:17Z
DEC_0106_20260318,policy_property_form_hop3,v3.1,2026-03-18T15:46:17Z
DEC_0107_20260302,edd_criteria_high_risk,v3.2,2026-03-02T17:31:17Z
DEC_0107_20260302,ofac_sdn_2026_03_08,v2026.03.08,2026-03-02T17:31:17Z
DEC_0107_20260302,beneficial_owner_form,v2.1,2026-03-02T17:31:17Z
DEC_0108_20260401,kyc_policy_2026,v5.0,2026-04-01T16:46:57Z
DEC_0108_20260401,edd_criteria_high_risk,v3.2,2026-04-01T16:46:57Z
DEC_0108_20260401,beneficial_owner_form,v2.1,2026-04-01T16:46:57Z
DEC_0108_20260401,ofac_sdn_2026_03_08,v2026.03.08,2026-04-01T16:46:57Z
DEC_0109_20260401,rate_card_2026q1,v1.0,2026-04-01T16:31:47Z
DEC_0109_20260401,disclosure_truth_in_lending,v4.1,2026-04-01T16:31:47Z
DEC_0109_20260401,internal_underwriting_guide,v8.7,2026-04-01T16:31:47Z
DEC_0109_20260401,policy_credit_v2_3,v2.3,2026-04-01T16:31:47Z
DEC_0110_20260410,rate_card_2026q1,v1.0,2026-04-10T12:35:55Z
DEC_0110_20260410,internal_underwriting_guide,v8.7,2026-04-10T12:35:55Z
DEC_0110_20260410,disclosure_truth_in_lending,v4.1,2026-04-10T12:35:55Z
DEC_0110_20260410,policy_credit_v2_3,v2.3,2026-04-10T12:35:55Z
DEC_0111_20260302,policy_property_form_hop3,v3.1,2026-03-02T12:38:16Z
DEC_0111_20260302,siu_referral_criteria,v2.4,2026-03-02T12:38:16Z
DEC_0112_20260315,siu_referral_criteria,v2.4,2026-03-15T11:15:10Z
DEC_0112_20260315,kbb_value_2026_03,v1.0,2026-03-15T11:15:10Z
DEC_0113_20260316,rate_card_2026q1,v1.0,2026-03-16T14:52:33Z
DEC_0113_20260316,disclosure_truth_in_lending,v4.1,2026-03-16T14:52:33Z
DEC_0114_20260416,fraud_rule_2026q1,v9.4,2026-04-16T16:03:04Z
DEC_0114_20260416,velocity_limits_table,v4.0,2026-04-16T16:03:04Z
DEC_0114_20260416,step_up_auth_policy,v3.3,2026-04-16T16:03:04Z
DEC_0115_20260410,fraud_rule_2026q1,v9.4,2026-04-10T18:37:09Z
DEC_0115_20260410,velocity_limits_table,v4.0,2026-04-10T18:37:09Z
DEC_0116_20260323,edd_criteria_high_risk,v3.2,2026-03-23T10:50:09Z
DEC_0116_20260323,kyc_policy_2026,v5.0,2026-03-23T10:50:09Z
DEC_0117_20260402,beneficial_owner_form,v2.1,2026-04-02T17:52:18Z
DEC_0117_20260402,ofac_sdn_2026_03_08,v2026.03.08,2026-04-02T17:52:18Z
DEC_0117_20260402,edd_criteria_high_risk,v3.2,2026-04-02T17:52:18Z
DEC_0118_20260403,rate_card_2026q1,v1.0,2026-04-03T10:08:32Z
DEC_0118_20260403,internal_underwriting_guide,v8.7,2026-04-03T10:08:32Z
DEC_0119_20260414,siu_referral_criteria,v2.4,2026-04-14T09:36:28Z
DEC_0119_20260414,claims_handbook_2026,v6.2,2026-04-14T09:36:28Z
DEC_0119_20260414,kbb_value_2026_03,v1.0,2026-04-14T09:36:28Z
DEC_0119_20260414,policy_property_form_hop3,v3.1,2026-04-14T09:36:28Z
DEC_0120_20260311,fraud_rule_2026q1,v9.4,2026-03-11T15:34:17Z
DEC_0120_20260311,merchant_blocklist_2026_03_10,v2026.03.10,2026-03-11T15:34:17Z
DEC_0120_20260311,velocity_limits_table,v4.0,2026-03-11T15:34:17Z
DEC_0121_20260307,fraud_rule_2026q1,v9.4,2026-03-07T18:23:22Z
DEC_0121_20260307,step_up_auth_policy,v3.3,2026-03-07T18:23:22Z
DEC_0121_20260307,velocity_limits_table,v4.0,2026-03-07T18:23:22Z
DEC_0121_20260307,merchant_blocklist_2026_03_10,v2026.03.10,2026-03-07T18:23:22Z
DEC_0122_20260307,rate_card_2026q1,v1.0,2026-03-07T16:57:17Z
DEC_0122_20260307,policy_credit_v2_3,v2.3,2026-03-07T16:57:17Z
DEC_0122_20260307,disclosure_truth_in_lending,v4.1,2026-03-07T16:57:17Z
DEC_0123_20260325,policy_credit_v2_3,v2.3,2026-03-25T12:58:02Z
DEC_0123_20260325,disclosure_truth_in_lending,v4.1,2026-03-25T12:58:02Z
DEC_0124_20260307,policy_property_form_hop3,v3.1,2026-03-07T08:13:23Z
DEC_0124_20260307,claims_handbook_2026,v6.2,2026-03-07T08:13:23Z
DEC_0124_20260307,kbb_value_2026_03,v1.0,2026-03-07T08:13:23Z
DEC_0124_20260307,siu_referral_criteria,v2.4,2026-03-07T08:13:23Z
DEC_0125_20260319,kyc_policy_2026,v5.0,2026-03-19T14:18:49Z
DEC_0125_20260319,beneficial_owner_form,v2.1,2026-03-19T14:18:49Z
DEC_0125_20260319,ofac_sdn_2026_03_08,v2026.03.08,2026-03-19T14:18:49Z
DEC_0125_20260319,edd_criteria_high_risk,v3.2,2026-03-19T14:18:49Z
DEC_0126_20260411,kbb_value_2026_03,v1.0,2026-04-11T14:50:01Z
DEC_0126_20260411,siu_referral_criteria,v2.4,2026-04-11T14:50:01Z
DEC_0126_20260411,claims_handbook_2026,v6.2,2026-04-11T14:50:01Z
DEC_0126_20260411,policy_property_form_hop3,v3.1,2026-04-11T14:50:01Z
DEC_0127_20260326,merchant_blocklist_2026_03_10,v2026.03.10,2026-03-26T11:55:18Z
DEC_0127_20260326,velocity_limits_table,v4.0,2026-03-26T11:55:18Z
DEC_0127_20260326,step_up_auth_policy,v3.3,2026-03-26T11:55:18Z
DEC_0128_20260329,policy_credit_v2_3,v2.3,2026-03-29T11:35:15Z
DEC_0128_20260329,disclosure_truth_in_lending,v4.1,2026-03-29T11:35:15Z
DEC_0128_20260329,internal_underwriting_guide,v8.7,2026-03-29T11:35:15Z
DEC_0129_20260329,siu_referral_criteria,v2.4,2026-03-29T14:21:17Z
DEC_0129_20260329,claims_handbook_2026,v6.2,2026-03-29T14:21:17Z
DEC_0129_20260329,kbb_value_2026_03,v1.0,2026-03-29T14:21:17Z
DEC_0130_20260308,kyc_policy_2026,v5.0,2026-03-08T14:51:03Z
DEC_0130_20260308,edd_criteria_high_risk,v3.2,2026-03-08T14:51:03Z
DEC_0130_20260308,ofac_sdn_2026_03_08,v2026.03.08,2026-03-08T14:51:03Z
DEC_0131_20260406,ofac_sdn_2026_03_08,v2026.03.08,2026-04-06T17:04:00Z
DEC_0131_20260406,edd_criteria_high_risk,v3.2,2026-04-06T17:04:00Z
DEC_0131_20260406,kyc_policy_2026,v5.0,2026-04-06T17:04:00Z
DEC_0131_20260406,beneficial_owner_form,v2.1,2026-04-06T17:04:00Z
DEC_0132_20260401,claims_handbook_2026,v6.2,2026-04-01T18:42:11Z
DEC_0132_20260401,policy_property_form_hop3,v3.1,2026-04-01T18:42:11Z
DEC_0132_20260401,siu_referral_criteria,v2.4,2026-04-01T18:42:11Z
DEC_0132_20260401,kbb_value_2026_03,v1.0,2026-04-01T18:42:11Z
DEC_0133_20260404,fraud_rule_2026q1,v9.4,2026-04-04T08:11:33Z
DEC_0133_20260404,step_up_auth_policy,v3.3,2026-04-04T08:11:33Z
DEC_0133_20260404,merchant_blocklist_2026_03_10,v2026.03.10,2026-04-04T08:11:33Z
DEC_0133_20260404,velocity_limits_table,v4.0,2026-04-04T08:11:33Z
DEC_0134_20260314,merchant_blocklist_2026_03_10,v2026.03.10,2026-03-14T09:14:24Z
DEC_0134_20260314,step_up_auth_policy,v3.3,2026-03-14T09:14:24Z
DEC_0135_20260310,policy_property_form_hop3,v3.1,2026-03-10T08:21:16Z
DEC_0135_20260310,claims_handbook_2026,v6.2,2026-03-10T08:21:16Z
DEC_0135_20260310,siu_referral_criteria,v2.4,2026-03-10T08:21:16Z
DEC_0135_20260310,kbb_value_2026_03,v1.0,2026-03-10T08:21:16Z
DEC_0136_20260321,merchant_blocklist_2026_03_10,v2026.03.10,2026-03-21T16:08:25Z
DEC_0136_20260321,step_up_auth_policy,v3.3,2026-03-21T16:08:25Z
DEC_0137_20260414,rate_card_2026q1,v1.0,2026-04-14T13:48:22Z
DEC_0137_20260414,disclosure_truth_in_lending,v4.1,2026-04-14T13:48:22Z
DEC_0137_20260414,internal_underwriting_guide,v8.7,2026-04-14T13:48:22Z
DEC_0138_20260307,siu_referral_criteria,v2.4,2026-03-07T10:51:25Z
DEC_0138_20260307,kbb_value_2026_03,v1.0,2026-03-07T10:51:25Z
DEC_0139_20260303,fraud_rule_2026q1,v9.4,2026-03-03T10:54:19Z
DEC_0139_20260303,merchant_blocklist_2026_03_10,v2026.03.10,2026-03-03T10:54:19Z
DEC_0140_20260303,merchant_blocklist_2026_03_10,v2026.03.10,2026-03-03T12:33:43Z
DEC_0140_20260303,step_up_auth_policy,v3.3,2026-03-03T12:33:43Z
DEC_0141_20260310,merchant_blocklist_2026_03_10,v2026.03.10,2026-03-10T09:06:30Z
DEC_0141_20260310,velocity_limits_table,v4.0,2026-03-10T09:06:30Z
DEC_0142_20260307,fraud_rule_2026q1,v9.4,2026-03-07T08:41:12Z
DEC_0142_20260307,step_up_auth_policy,v3.3,2026-03-07T08:41:12Z
DEC_0143_20260413,merchant_blocklist_2026_03_10,v2026.03.10,2026-04-13T14:38:35Z
DEC_0143_20260413,velocity_limits_table,v4.0,2026-04-13T14:38:35Z
DEC_0144_20260407,step_up_auth_policy,v3.3,2026-04-07T17:44:12Z
DEC_0144_20260407,merchant_blocklist_2026_03_10,v2026.03.10,2026-04-07T17:44:12Z
DEC_0144_20260407,fraud_rule_2026q1,v9.4,2026-04-07T17:44:12Z
DEC_0145_20260418,kbb_value_2026_03,v1.0,2026-04-18T12:52:19Z
DEC_0145_20260418,siu_referral_criteria,v2.4,2026-04-18T12:52:19Z
DEC_0145_20260418,policy_property_form_hop3,v3.1,2026-04-18T12:52:19Z
DEC_0146_20260427,disclosure_truth_in_lending,v4.1,2026-04-27T18:35:04Z
DEC_0146_20260427,rate_card_2026q1,v1.0,2026-04-27T18:35:04Z
DEC_0146_20260427,policy_credit_v2_3,v2.3,2026-04-27T18:35:04Z
DEC_0146_20260427,internal_underwriting_guide,v8.7,2026-04-27T18:35:04Z
DEC_0147_20260422,ofac_sdn_2026_03_08,v2026.03.08,2026-04-22T12:19:03Z
DEC_0147_20260422,edd_criteria_high_risk,v3.2,2026-04-22T12:19:03Z
DEC_0147_20260422,kyc_policy_2026,v5.0,2026-04-22T12:19:03Z
DEC_0148_20260401,internal_underwriting_guide,v8.7,2026-04-01T10:38:51Z
DEC_0148_20260401,rate_card_2026q1,v1.0,2026-04-01T10:38:51Z
DEC_0149_20260417,velocity_limits_table,v4.0,2026-04-17T09:26:23Z
DEC_0149_20260417,step_up_auth_policy,v3.3,2026-04-17T09:26:23Z
DEC_0149_20260417,merchant_blocklist_2026_03_10,v2026.03.10,2026-04-17T09:26:23Z
DEC_0149_20260417,fraud_rule_2026q1,v9.4,2026-04-17T09:26:23Z
DEC_0151_20260411,fraud_rule_2026q1,v9.4,2026-04-11T13:56:34Z
DEC_0151_20260411,step_up_auth_policy,v3.3,2026-04-11T13:56:34Z
DEC_0151_20260411,merchant_blocklist_2026_03_10,v2026.03.10,2026-04-11T13:56:34Z
DEC_0151_20260411,velocity_limits_table,v4.0,2026-04-11T13:56:34Z
DEC_0152_20260311,policy_property_form_hop3,v3.1,2026-03-11T12:28:23Z
DEC_0152_20260311,claims_handbook_2026,v6.2,2026-03-11T12:28:23Z
DEC_0152_20260311,siu_referral_criteria,v2.4,2026-03-11T12:28:23Z
DEC_0152_20260311,kbb_value_2026_03,v1.0,2026-03-11T12:28:23Z
DEC_0153_20260312,policy_credit_v2_3,v2.3,2026-03-12T18:06:32Z
DEC_0153_20260312,rate_card_2026q1,v1.0,2026-03-12T18:06:32Z
DEC_0154_20260303,ofac_sdn_2026_03_08,v2026.03.08,2026-03-03T10:41:05Z
DEC_0154_20260303,kyc_policy_2026,v5.0,2026-03-03T10:41:05Z
DEC_0155_20260317,policy_property_form_hop3,v3.1,2026-03-17T12:56:16Z
DEC_0155_20260317,kbb_value_2026_03,v1.0,2026-03-17T12:56:16Z
DEC_0155_20260317,siu_referral_criteria,v2.4,2026-03-17T12:56:16Z
DEC_0155_20260317,claims_handbook_2026,v6.2,2026-03-17T12:56:16Z
DEC_0156_20260429,siu_referral_criteria,v2.4,2026-04-29T10:19:58Z
DEC_0156_20260429,policy_property_form_hop3,v3.1,2026-04-29T10:19:58Z
DEC_0156_20260429,kbb_value_2026_03,v1.0,2026-04-29T10:19:58Z
DEC_0156_20260429,claims_handbook_2026,v6.2,2026-04-29T10:19:58Z
DEC_0157_20260308,kyc_policy_2026,v5.0,2026-03-08T17:44:40Z
DEC_0157_20260308,beneficial_owner_form,v2.1,2026-03-08T17:44:40Z
DEC_0157_20260308,ofac_sdn_2026_03_08,v2026.03.08,2026-03-08T17:44:40Z
DEC_0157_20260308,edd_criteria_high_risk,v3.2,2026-03-08T17:44:40Z
DEC_0158_20260304,fraud_rule_2026q1,v9.4,2026-03-04T14:40:50Z
DEC_0158_20260304,velocity_limits_table,v4.0,2026-03-04T14:40:50Z
DEC_0158_20260304,step_up_auth_policy,v3.3,2026-03-04T14:40:50Z
DEC_0159_20260415,fraud_rule_2026q1,v9.4,2026-04-15T17:14:48Z
DEC_0159_20260415,merchant_blocklist_2026_03_10,v2026.03.10,2026-04-15T17:14:48Z
DEC_0160_20260419,velocity_limits_table,v4.0,2026-04-19T18:54:55Z
DEC_0160_20260419,fraud_rule_2026q1,v9.4,2026-04-19T18:54:55Z
DEC_0161_20260305,step_up_auth_policy,v3.3,2026-03-05T15:39:21Z
DEC_0161_20260305,merchant_blocklist_2026_03_10,v2026.03.10,2026-03-05T15:39:21Z
DEC_0161_20260305,velocity_limits_table,v4.0,2026-03-05T15:39:21Z
DEC_0162_20260327,step_up_auth_policy,v3.3,2026-03-27T15:09:35Z
DEC_0162_20260327,merchant_blocklist_2026_03_10,v2026.03.10,2026-03-27T15:09:35Z
DEC_0162_20260327,fraud_rule_2026q1,v9.4,2026-03-27T15:09:35Z
DEC_0162_20260327,velocity_limits_table,v4.0,2026-03-27T15:09:35Z
DEC_0163_20260304,siu_referral_criteria,v2.4,2026-03-04T18:21:19Z
DEC_0163_20260304,policy_property_form_hop3,v3.1,2026-03-04T18:21:19Z
DEC_0164_20260410,policy_credit_v2_3,v2.3,2026-04-10T13:43:52Z
DEC_0164_20260410,disclosure_truth_in_lending,v4.1,2026-04-10T13:43:52Z
DEC_0164_20260410,rate_card_2026q1,v1.0,2026-04-10T13:43:52Z
DEC_0165_20260331,siu_referral_criteria,v2.4,2026-03-31T18:24:31Z
DEC_0165_20260331,claims_handbook_2026,v6.2,2026-03-31T18:24:31Z
DEC_0165_20260331,policy_property_form_hop3,v3.1,2026-03-31T18:24:31Z
DEC_0165_20260331,kbb_value_2026_03,v1.0,2026-03-31T18:24:31Z
DEC_0166_20260301,policy_credit_v2_3,v2.3,2026-03-01T14:19:53Z
DEC_0166_20260301,rate_card_2026q1,v1.0,2026-03-01T14:19:53Z
DEC_0166_20260301,internal_underwriting_guide,v8.7,2026-03-01T14:19:53Z
DEC_0166_20260301,disclosure_truth_in_lending,v4.1,2026-03-01T14:19:53Z
DEC_0167_20260424,velocity_limits_table,v4.0,2026-04-24T12:19:25Z
DEC_0167_20260424,merchant_blocklist_2026_03_10,v2026.03.10,2026-04-24T12:19:25Z
DEC_0167_20260424,fraud_rule_2026q1,v9.4,2026-04-24T12:19:25Z
DEC_0168_20260412,merchant_blocklist_2026_03_10,v2026.03.10,2026-04-12T09:51:39Z
DEC_0168_20260412,fraud_rule_2026q1,v9.4,2026-04-12T09:51:39Z
DEC_0168_20260412,step_up_auth_policy,v3.3,2026-04-12T09:51:39Z
DEC_0169_20260306,internal_underwriting_guide,v8.7,2026-03-06T10:51:36Z
DEC_0169_20260306,policy_credit_v2_3,v2.3,2026-03-06T10:51:36Z
DEC_0169_20260306,rate_card_2026q1,v1.0,2026-03-06T10:51:36Z
DEC_0169_20260306,disclosure_truth_in_lending,v4.1,2026-03-06T10:51:36Z
DEC_0170_20260329,velocity_limits_table,v4.0,2026-03-29T18:41:38Z
DEC_0170_20260329,step_up_auth_policy,v3.3,2026-03-29T18:41:38Z
DEC_0170_20260329,merchant_blocklist_2026_03_10,v2026.03.10,2026-03-29T18:41:38Z
DEC_0170_20260329,fraud_rule_2026q1,v9.4,2026-03-29T18:41:38Z
DEC_0171_20260416,beneficial_owner_form,v2.1,2026-04-16T09:37:14Z
DEC_0171_20260416,edd_criteria_high_risk,v3.2,2026-04-16T09:37:14Z
DEC_0172_20260409,ofac_sdn_2026_03_08,v2026.03.08,2026-04-09T14:44:06Z
DEC_0172_20260409,beneficial_owner_form,v2.1,2026-04-09T14:44:06Z
DEC_0172_20260409,edd_criteria_high_risk,v3.2,2026-04-09T14:44:06Z
DEC_0172_20260409,kyc_policy_2026,v5.0,2026-04-09T14:44:06Z
DEC_0173_20260423,ofac_sdn_2026_03_08,v2026.03.08,2026-04-23T15:23:00Z
DEC_0173_20260423,edd_criteria_high_risk,v3.2,2026-04-23T15:23:00Z
DEC_0174_20260331,fraud_rule_2026q1,v9.4,2026-03-31T08:17:22Z
DEC_0174_20260331,velocity_limits_table,v4.0,2026-03-31T08:17:22Z
DEC_0174_20260331,merchant_blocklist_2026_03_10,v2026.03.10,2026-03-31T08:17:22Z
DEC_0175_20260316,rate_card_2026q1,v1.0,2026-03-16T11:40:38Z
DEC_0175_20260316,internal_underwriting_guide,v8.7,2026-03-16T11:40:38Z
DEC_0175_20260316,policy_credit_v2_3,v2.3,2026-03-16T11:40:38Z
DEC_0176_20260312,disclosure_truth_in_lending,v4.1,2026-03-12T13:45:02Z
DEC_0176_20260312,internal_underwriting_guide,v8.7,2026-03-12T13:45:02Z
DEC_0176_20260312,policy_credit_v2_3,v2.3,2026-03-12T13:45:02Z
DEC_0176_20260312,rate_card_2026q1,v1.0,2026-03-12T13:45:02Z
DEC_0177_20260411,claims_handbook_2026,v6.2,2026-04-11T08:59:58Z
DEC_0177_20260411,siu_referral_criteria,v2.4,2026-04-11T08:59:58Z
DEC_0177_20260411,kbb_value_2026_03,v1.0,2026-04-11T08:59:58Z
DEC_0178_20260329,siu_referral_criteria,v2.4,2026-03-29T17:10:05Z
DEC_0178_20260329,claims_handbook_2026,v6.2,2026-03-29T17:10:05Z
DEC_0178_20260329,kbb_value_2026_03,v1.0,2026-03-29T17:10:05Z
DEC_0179_20260412,disclosure_truth_in_lending,v4.1,2026-04-12T16:22:20Z
DEC_0179_20260412,rate_card_2026q1,v1.0,2026-04-12T16:22:20Z
DEC_0179_20260412,policy_credit_v2_3,v2.3,2026-04-12T16:22:20Z
DEC_0180_20260413,merchant_blocklist_2026_03_10,v2026.03.10,2026-04-13T14:39:10Z
DEC_0180_20260413,velocity_limits_table,v4.0,2026-04-13T14:39:10Z
DEC_0180_20260413,fraud_rule_2026q1,v9.4,2026-04-13T14:39:10Z
DEC_0181_20260324,rate_card_2026q1,v1.0,2026-03-24T18:53:13Z
DEC_0181_20260324,disclosure_truth_in_lending,v4.1,2026-03-24T18:53:13Z
DEC_0181_20260324,policy_credit_v2_3,v2.3,2026-03-24T18:53:13Z
DEC_0181_20260324,internal_underwriting_guide,v8.7,2026-03-24T18:53:13Z
DEC_0182_20260315,policy_credit_v2_3,v2.3,2026-03-15T18:41:40Z
DEC_0182_20260315,disclosure_truth_in_lending,v4.1,2026-03-15T18:41:40Z
DEC_0183_20260323,merchant_blocklist_2026_03_10,v2026.03.10,2026-03-23T15:43:43Z
DEC_0183_20260323,fraud_rule_2026q1,v9.4,2026-03-23T15:43:43Z
DEC_0183_20260323,velocity_limits_table,v4.0,2026-03-23T15:43:43Z
DEC_0183_20260323,step_up_auth_policy,v3.3,2026-03-23T15:43:43Z
DEC_0184_20260314,internal_underwriting_guide,v8.7,2026-03-14T16:36:40Z
DEC_0184_20260314,disclosure_truth_in_lending,v4.1,2026-03-14T16:36:40Z
DEC_0185_20260331,velocity_limits_table,v4.0,2026-03-31T17:47:46Z
DEC_0185_20260331,step_up_auth_policy,v3.3,2026-03-31T17:47:46Z
DEC_0185_20260331,fraud_rule_2026q1,v9.4,2026-03-31T17:47:46Z
DEC_0186_20260312,merchant_blocklist_2026_03_10,v2026.03.10,2026-03-12T14:36:45Z
DEC_0186_20260312,velocity_limits_table,v4.0,2026-03-12T14:36:45Z
DEC_0186_20260312,fraud_rule_2026q1,v9.4,2026-03-12T14:36:45Z
DEC_0186_20260312,step_up_auth_policy,v3.3,2026-03-12T14:36:45Z
DEC_0187_20260418,rate_card_2026q1,v1.0,2026-04-18T12:50:29Z
DEC_0187_20260418,disclosure_truth_in_lending,v4.1,2026-04-18T12:50:29Z
DEC_0187_20260418,internal_underwriting_guide,v8.7,2026-04-18T12:50:29Z
DEC_0187_20260418,policy_credit_v2_3,v2.3,2026-04-18T12:50:29Z
DEC_0188_20260324,fraud_rule_2026q1,v9.4,2026-03-24T14:59:08Z
DEC_0188_20260324,velocity_limits_table,v4.0,2026-03-24T14:59:08Z
DEC_0188_20260324,step_up_auth_policy,v3.3,2026-03-24T14:59:08Z
DEC_0188_20260324,merchant_blocklist_2026_03_10,v2026.03.10,2026-03-24T14:59:08Z
DEC_0189_20260331,siu_referral_criteria,v2.4,2026-03-31T09:42:54Z
DEC_0189_20260331,policy_property_form_hop3,v3.1,2026-03-31T09:42:54Z
DEC_0190_20260406,fraud_rule_2026q1,v9.4,2026-04-06T14:17:28Z
DEC_0190_20260406,step_up_auth_policy,v3.3,2026-04-06T14:17:28Z
DEC_0190_20260406,merchant_blocklist_2026_03_10,v2026.03.10,2026-04-06T14:17:28Z
DEC_0191_20260412,claims_handbook_2026,v6.2,2026-04-12T08:11:09Z
DEC_0191_20260412,kbb_value_2026_03,v1.0,2026-04-12T08:11:09Z
DEC_0191_20260412,siu_referral_criteria,v2.4,2026-04-12T08:11:09Z
DEC_0191_20260412,policy_property_form_hop3,v3.1,2026-04-12T08:11:09Z
DEC_0192_20260329,policy_credit_v2_3,v2.3,2026-03-29T10:56:43Z
DEC_0192_20260329,disclosure_truth_in_lending,v4.1,2026-03-29T10:56:43Z
DEC_0192_20260329,rate_card_2026q1,v1.0,2026-03-29T10:56:43Z
DEC_0192_20260329,internal_underwriting_guide,v8.7,2026-03-29T10:56:43Z
DEC_0193_20260414,internal_underwriting_guide,v8.7,2026-04-14T09:46:01Z
DEC_0193_20260414,policy_credit_v2_3,v2.3,2026-04-14T09:46:01Z
DEC_0193_20260414,disclosure_truth_in_lending,v4.1,2026-04-14T09:46:01Z
DEC_0194_20260318,internal_underwriting_guide,v8.7,2026-03-18T13:26:57Z
DEC_0194_20260318,rate_card_2026q1,v1.0,2026-03-18T13:26:57Z
DEC_0195_20260406,policy_credit_v2_3,v2.3,2026-04-06T14:22:24Z
DEC_0195_20260406,disclosure_truth_in_lending,v4.1,2026-04-06T14:22:24Z
DEC_0195_20260406,rate_card_2026q1,v1.0,2026-04-06T14:22:24Z
DEC_0196_20260303,siu_referral_criteria,v2.4,2026-03-03T13:18:26Z
DEC_0196_20260303,policy_property_form_hop3,v3.1,2026-03-03T13:18:26Z
DEC_0196_20260303,claims_handbook_2026,v6.2,2026-03-03T13:18:26Z
DEC_0196_20260303,kbb_value_2026_03,v1.0,2026-03-03T13:18:26Z
DEC_0197_20260307,velocity_limits_table,v4.0,2026-03-07T09:27:53Z
DEC_0197_20260307,merchant_blocklist_2026_03_10,v2026.03.10,2026-03-07T09:27:53Z
DEC_0197_20260307,step_up_auth_policy,v3.3,2026-03-07T09:27:53Z
DEC_0197_20260307,fraud_rule_2026q1,v9.4,2026-03-07T09:27:53Z
DEC_0198_20260322,kbb_value_2026_03,v1.0,2026-03-22T10:06:49Z
DEC_0198_20260322,claims_handbook_2026,v6.2,2026-03-22T10:06:49Z
DEC_0198_20260322,siu_referral_criteria,v2.4,2026-03-22T10:06:49Z
DEC_0198_20260322,policy_property_form_hop3,v3.1,2026-03-22T10:06:49Z
DEC_0199_20260319,kbb_value_2026_03,v1.0,2026-03-19T15:11:02Z
DEC_0199_20260319,policy_property_form_hop3,v3.1,2026-03-19T15:11:02Z
DEC_0199_20260319,siu_referral_criteria,v2.4,2026-03-19T15:11:02Z
DEC_0200_20260402,kyc_policy_2026,v5.0,2026-04-02T10:01:14Z
DEC_0200_20260402,ofac_sdn_2026_03_08,v2026.03.08,2026-04-02T10:01:14Z
DEC_0200_20260402,beneficial_owner_form,v2.1,2026-04-02T10:01:14Z
DEC_0200_20260402,edd_criteria_high_risk,v3.2,2026-04-02T10:01:14Z
DEC_0150_20260312,policy_credit_v2_3,v2.3,2026-03-12T18:41:32Z
DEC_0150_20260312,rate_card_2026q1,v1.0,2026-03-12T18:41:32Z
DEC_0150_20260312,disclosure_truth_in_lending,v4.1,2026-03-12T18:41:32Z
DEC_0150_20260312,internal_underwriting_guide,v8.7,2026-03-12T18:41:32Z
