case_id,customer_id,ingested_at,ai_confidence,ai_decision,difficulty_score,customer_tier,country_risk_tier,true_outcome,case_value_usd
CASE_0001_20260511,CUST_868951,2026-05-11T01:21:00Z,0.984,APPROVE,1,retail,1,APPROVE,28153.6
CASE_0002_20260314,CUST_606009,2026-03-14T18:55:00Z,0.912,APPROVE,2,retail,3,APPROVE,192243.52
CASE_0003_20260320,CUST_704971,2026-03-20T07:06:00Z,0.869,APPROVE,3,retail,3,APPROVE,64598.47
CASE_0004_20260316,CUST_644293,2026-03-16T20:21:00Z,0.979,APPROVE,2,retail,1,EDD_REQUIRED,101506.57
CASE_0005_20260319,CUST_457644,2026-03-19T11:21:00Z,0.876,APPROVE,4,retail,4,APPROVE,88184.11
CASE_0006_20260306,CUST_128214,2026-03-06T11:27:00Z,0.776,APPROVE,3,retail,1,APPROVE,165801.98
CASE_0007_20260507,CUST_869980,2026-05-07T17:04:00Z,0.953,APPROVE,3,retail,2,APPROVE,184090.69
CASE_0008_20260320,CUST_475370,2026-03-20T22:56:00Z,0.983,APPROVE,1,sme,2,,51276.26
CASE_0009_20260415,CUST_332573,2026-04-15T08:06:00Z,0.978,APPROVE,1,sme,1,APPROVE,112077.93
CASE_0010_20260519,CUST_481727,2026-05-19T06:37:00Z,0.878,APPROVE,4,retail,2,,23941.41
CASE_0011_20260324,CUST_541730,2026-03-24T23:56:00Z,0.877,APPROVE,4,private_banking,2,APPROVE,80797.94
CASE_0012_20260314,CUST_311458,2026-03-14T02:55:00Z,0.883,APPROVE,4,retail,1,APPROVE,52735.99
CASE_0013_20260321,CUST_728707,2026-03-21T13:58:00Z,0.926,APPROVE,2,retail,1,EDD_REQUIRED,220807.93
CASE_0014_20260328,CUST_398148,2026-03-28T09:07:00Z,0.825,APPROVE,3,retail,1,APPROVE,74765.58
CASE_0015_20260427,CUST_409523,2026-04-27T12:33:00Z,0.595,APPROVE,5,private_banking,1,APPROVE,139400.35
CASE_0016_20260513,CUST_790603,2026-05-13T04:37:00Z,0.984,APPROVE,2,retail,1,APPROVE,162805.53
CASE_0017_20260405,CUST_601569,2026-04-05T23:07:00Z,0.787,APPROVE,4,retail,1,,128736.57
CASE_0018_20260316,CUST_569198,2026-03-16T21:33:00Z,0.721,APPROVE,3,sme,4,,244185.36
CASE_0019_20260317,CUST_142870,2026-03-17T01:40:00Z,0.877,APPROVE,3,retail,1,APPROVE,29132.13
CASE_0020_20260309,CUST_625752,2026-03-09T22:53:00Z,0.908,APPROVE,1,retail,1,,137894.88
CASE_0021_20260514,CUST_279043,2026-05-14T09:13:00Z,0.973,APPROVE,1,private_banking,3,APPROVE,34947.5
CASE_0022_20260523,CUST_847833,2026-05-23T14:32:00Z,0.878,APPROVE,2,private_banking,4,,133356.38
CASE_0023_20260528,CUST_200857,2026-05-28T02:20:00Z,0.981,APPROVE,3,retail,3,,205764.37
CASE_0024_20260502,CUST_376369,2026-05-02T01:36:00Z,0.88,APPROVE,2,retail,2,APPROVE,116540.6
CASE_0025_20260429,CUST_574430,2026-04-29T04:03:00Z,0.802,APPROVE,3,retail,2,REJECT,139157.03
CASE_0026_20260330,CUST_271739,2026-03-30T23:17:00Z,0.923,EDD_REQUIRED,1,sme,1,,185112.09
CASE_0027_20260406,CUST_776976,2026-04-06T16:09:00Z,0.976,APPROVE,2,private_banking,1,,75341.44
CASE_0028_20260328,CUST_417892,2026-03-28T00:35:00Z,0.787,APPROVE,3,sme,4,APPROVE,152436.77
CASE_0029_20260315,CUST_567897,2026-03-15T15:36:00Z,0.896,APPROVE,4,retail,3,,36167.6
CASE_0030_20260521,CUST_515291,2026-05-21T23:41:00Z,0.865,APPROVE,4,private_banking,2,APPROVE,92700.22
CASE_0031_20260402,CUST_454693,2026-04-02T09:19:00Z,0.908,APPROVE,2,private_banking,1,,188625.34
CASE_0032_20260507,CUST_801759,2026-05-07T05:59:00Z,0.652,APPROVE,5,private_banking,1,APPROVE,5029.15
CASE_0033_20260303,CUST_869278,2026-03-03T06:52:00Z,0.907,APPROVE,1,retail,3,APPROVE,24282.15
CASE_0034_20260524,CUST_743673,2026-05-24T06:35:00Z,0.937,REJECT,1,private_banking,2,REJECT,49120.69
CASE_0035_20260418,CUST_680883,2026-04-18T02:07:00Z,0.969,APPROVE,2,retail,2,APPROVE,146068.15
CASE_0036_20260420,CUST_485507,2026-04-20T12:36:00Z,0.958,APPROVE,1,retail,2,APPROVE,148698.86
CASE_0037_20260310,CUST_390281,2026-03-10T17:46:00Z,0.454,APPROVE,4,retail,1,,128035.6
CASE_0038_20260312,CUST_702162,2026-03-12T12:00:00Z,0.877,APPROVE,3,retail,1,APPROVE,188231.58
CASE_0039_20260425,CUST_128657,2026-04-25T13:45:00Z,0.906,APPROVE,2,retail,1,APPROVE,121194.73
CASE_0040_20260506,CUST_257181,2026-05-06T22:55:00Z,0.719,EDD_REQUIRED,4,retail,1,EDD_REQUIRED,148325.54
CASE_0041_20260505,CUST_431752,2026-05-05T02:35:00Z,0.919,APPROVE,1,sme,1,EDD_REQUIRED,173500.27
CASE_0042_20260421,CUST_372292,2026-04-21T20:48:00Z,0.921,APPROVE,3,retail,2,,229720.55
CASE_0043_20260309,CUST_670596,2026-03-09T05:42:00Z,0.976,APPROVE,1,private_banking,2,APPROVE,212969.52
CASE_0044_20260504,CUST_825848,2026-05-04T17:01:00Z,0.871,APPROVE,3,sme,1,,43737.99
CASE_0045_20260305,CUST_290796,2026-03-05T20:25:00Z,0.462,APPROVE,4,retail,2,,92171.24
CASE_0046_20260421,CUST_468855,2026-04-21T22:01:00Z,0.889,APPROVE,3,retail,2,APPROVE,153316.36
CASE_0047_20260509,CUST_961764,2026-05-09T12:25:00Z,0.908,APPROVE,1,retail,3,EDD_REQUIRED,93703.6
CASE_0048_20260506,CUST_897522,2026-05-06T16:25:00Z,0.943,APPROVE,2,retail,1,APPROVE,230469.55
CASE_0049_20260429,CUST_713469,2026-04-29T19:20:00Z,0.913,APPROVE,1,retail,1,,183263.43
CASE_0050_20260316,CUST_432558,2026-03-16T10:25:00Z,0.597,APPROVE,5,retail,2,,167544.5
CASE_0051_20260524,CUST_510828,2026-05-24T08:54:00Z,0.822,APPROVE,3,retail,2,APPROVE,36799.23
CASE_0052_20260408,CUST_807105,2026-04-08T14:35:00Z,0.959,APPROVE,2,retail,1,,60270.15
CASE_0053_20260513,CUST_505798,2026-05-13T19:45:00Z,0.604,APPROVE,5,private_banking,4,EDD_REQUIRED,119927.57
CASE_0054_20260515,CUST_545345,2026-05-15T17:56:00Z,0.918,APPROVE,2,retail,1,,199897.74
CASE_0055_20260318,CUST_901177,2026-03-18T15:29:00Z,0.421,APPROVE,3,retail,1,APPROVE,179404.14
CASE_0056_20260507,CUST_207956,2026-05-07T00:25:00Z,0.979,APPROVE,1,retail,3,REJECT,102211.85
CASE_0057_20260327,CUST_469437,2026-03-27T09:19:00Z,0.755,APPROVE,4,sme,1,APPROVE,183099.42
CASE_0058_20260512,CUST_963346,2026-05-12T01:04:00Z,0.98,APPROVE,3,retail,1,,184225.41
CASE_0059_20260408,CUST_767154,2026-04-08T19:36:00Z,0.52,APPROVE,4,private_banking,3,,235340.32
CASE_0060_20260529,CUST_809067,2026-05-29T03:39:00Z,0.826,APPROVE,2,retail,1,APPROVE,187506.46
CASE_0061_20260309,CUST_940580,2026-03-09T20:37:00Z,0.981,APPROVE,1,retail,3,,2460.33
CASE_0062_20260421,CUST_771261,2026-04-21T08:03:00Z,0.985,APPROVE,1,private_banking,1,APPROVE,185630.18
CASE_0063_20260424,CUST_774758,2026-04-24T16:12:00Z,0.915,APPROVE,3,retail,3,APPROVE,11714.47
CASE_0064_20260308,CUST_421127,2026-03-08T17:40:00Z,0.789,APPROVE,3,retail,2,APPROVE,91662.04
CASE_0065_20260403,CUST_346975,2026-04-03T19:12:00Z,0.794,APPROVE,2,retail,3,,211486.15
CASE_0066_20260410,CUST_257774,2026-04-10T04:35:00Z,0.705,APPROVE,3,retail,1,REJECT,249019.62
CASE_0067_20260526,CUST_406211,2026-05-26T17:03:00Z,0.936,APPROVE,1,retail,3,EDD_REQUIRED,53228.78
CASE_0068_20260305,CUST_887482,2026-03-05T07:00:00Z,0.952,APPROVE,1,retail,2,EDD_REQUIRED,7548.14
CASE_0069_20260414,CUST_880957,2026-04-14T00:32:00Z,0.953,APPROVE,1,retail,1,APPROVE,151948.77
CASE_0070_20260419,CUST_987603,2026-04-19T13:19:00Z,0.939,APPROVE,2,retail,1,APPROVE,20532.91
CASE_0071_20260313,CUST_364107,2026-03-13T04:43:00Z,0.625,APPROVE,3,private_banking,1,APPROVE,236838.97
CASE_0072_20260317,CUST_631811,2026-03-17T15:54:00Z,0.98,APPROVE,2,private_banking,1,APPROVE,70752.0
CASE_0073_20260310,CUST_786092,2026-03-10T23:04:00Z,0.724,APPROVE,3,retail,1,,27761.36
CASE_0074_20260415,CUST_599083,2026-04-15T20:35:00Z,0.965,APPROVE,1,retail,3,,82287.85
CASE_0075_20260416,CUST_192408,2026-04-16T03:11:00Z,0.898,APPROVE,3,retail,1,,70233.47
CASE_0076_20260529,CUST_103603,2026-05-29T20:42:00Z,0.859,APPROVE,2,retail,2,APPROVE,160651.32
CASE_0077_20260331,CUST_619260,2026-03-31T20:39:00Z,0.966,APPROVE,1,sme,2,,637.73
CASE_0078_20260530,CUST_151227,2026-05-30T12:16:00Z,0.92,APPROVE,2,sme,1,APPROVE,187611.21
CASE_0079_20260530,CUST_747267,2026-05-30T09:33:00Z,0.96,APPROVE,1,retail,2,,26473.81
CASE_0080_20260519,CUST_919766,2026-05-19T10:00:00Z,0.547,APPROVE,3,retail,4,,177642.09
CASE_0081_20260524,CUST_267366,2026-05-24T06:42:00Z,0.877,APPROVE,4,retail,3,REJECT,147039.72
CASE_0082_20260324,CUST_413886,2026-03-24T22:03:00Z,0.967,APPROVE,1,sme,2,,206288.41
CASE_0083_20260527,CUST_619568,2026-05-27T13:18:00Z,0.762,APPROVE,3,sme,3,EDD_REQUIRED,230341.02
CASE_0084_20260416,CUST_834815,2026-04-16T12:09:00Z,0.735,APPROVE,3,retail,1,APPROVE,167056.44
CASE_0085_20260510,CUST_460444,2026-05-10T07:06:00Z,0.741,APPROVE,3,retail,1,,57838.1
CASE_0086_20260311,CUST_620007,2026-03-11T18:57:00Z,0.882,APPROVE,3,retail,2,APPROVE,33089.81
CASE_0087_20260304,CUST_860481,2026-03-04T12:59:00Z,0.962,APPROVE,1,retail,1,,209050.29
CASE_0088_20260420,CUST_208201,2026-04-20T20:28:00Z,0.517,APPROVE,4,retail,1,APPROVE,122036.72
CASE_0089_20260427,CUST_305934,2026-04-27T05:49:00Z,0.655,APPROVE,4,retail,1,APPROVE,58678.68
CASE_0090_20260409,CUST_869867,2026-04-09T06:11:00Z,0.865,APPROVE,4,retail,1,APPROVE,169413.04
CASE_0091_20260508,CUST_579358,2026-05-08T09:39:00Z,0.936,APPROVE,2,private_banking,2,,132826.39
CASE_0092_20260309,CUST_839305,2026-03-09T22:22:00Z,0.874,APPROVE,4,retail,1,,189851.39
CASE_0093_20260419,CUST_962240,2026-04-19T21:02:00Z,0.968,APPROVE,3,retail,2,,160473.65
CASE_0094_20260322,CUST_961623,2026-03-22T01:46:00Z,0.539,APPROVE,5,retail,3,APPROVE,38256.08
CASE_0095_20260424,CUST_635910,2026-04-24T22:11:00Z,0.923,EDD_REQUIRED,1,retail,2,EDD_REQUIRED,25570.16
CASE_0096_20260403,CUST_689941,2026-04-03T17:02:00Z,0.698,APPROVE,4,retail,3,APPROVE,90317.06
CASE_0097_20260425,CUST_511791,2026-04-25T00:34:00Z,0.982,APPROVE,1,sme,3,APPROVE,227415.45
CASE_0098_20260525,CUST_273761,2026-05-25T22:23:00Z,0.988,APPROVE,2,retail,2,APPROVE,48240.04
CASE_0099_20260413,CUST_900843,2026-04-13T04:31:00Z,0.634,APPROVE,5,retail,1,,22439.04
CASE_0100_20260402,CUST_451820,2026-04-02T20:41:00Z,0.872,APPROVE,3,retail,3,,59833.87
CASE_0101_20260331,CUST_550933,2026-03-31T02:44:00Z,0.727,APPROVE,3,sme,1,,241878.62
CASE_0102_20260415,CUST_401188,2026-04-15T15:24:00Z,0.867,EDD_REQUIRED,2,retail,3,EDD_REQUIRED,185627.29
CASE_0103_20260414,CUST_543768,2026-04-14T11:34:00Z,0.571,APPROVE,5,sme,3,APPROVE,230609.06
CASE_0104_20260303,CUST_231699,2026-03-03T00:45:00Z,0.483,APPROVE,5,private_banking,1,,229906.36
CASE_0105_20260318,CUST_716709,2026-03-18T14:46:00Z,0.955,APPROVE,3,retail,2,EDD_REQUIRED,232513.94
CASE_0106_20260321,CUST_601253,2026-03-21T11:28:00Z,0.855,APPROVE,3,retail,3,REJECT,188378.25
CASE_0107_20260515,CUST_554868,2026-05-15T20:26:00Z,0.974,APPROVE,2,retail,1,APPROVE,233815.73
CASE_0108_20260407,CUST_798373,2026-04-07T09:44:00Z,0.88,APPROVE,3,private_banking,3,APPROVE,186530.45
CASE_0109_20260505,CUST_749689,2026-05-05T07:44:00Z,0.735,APPROVE,3,retail,1,,147025.55
CASE_0110_20260425,CUST_989959,2026-04-25T15:56:00Z,0.668,EDD_REQUIRED,4,retail,2,APPROVE,75664.83
CASE_0111_20260429,CUST_563698,2026-04-29T04:33:00Z,0.857,APPROVE,3,private_banking,2,EDD_REQUIRED,134985.95
CASE_0112_20260513,CUST_472039,2026-05-13T18:34:00Z,0.619,APPROVE,3,retail,1,APPROVE,80932.18
CASE_0113_20260524,CUST_614792,2026-05-24T19:08:00Z,0.767,APPROVE,3,retail,2,APPROVE,192171.53
CASE_0114_20260401,CUST_686565,2026-04-01T19:11:00Z,0.702,APPROVE,4,retail,4,APPROVE,196322.87
CASE_0115_20260308,CUST_482540,2026-03-08T08:11:00Z,0.96,APPROVE,2,retail,2,APPROVE,32108.54
CASE_0116_20260309,CUST_623817,2026-03-09T17:59:00Z,0.914,APPROVE,2,retail,1,APPROVE,127471.99
CASE_0117_20260424,CUST_381971,2026-04-24T04:23:00Z,0.895,APPROVE,2,sme,4,APPROVE,52416.48
CASE_0118_20260514,CUST_812258,2026-05-14T06:38:00Z,0.898,APPROVE,2,retail,1,APPROVE,49070.41
CASE_0119_20260426,CUST_590118,2026-04-26T03:52:00Z,0.931,APPROVE,1,private_banking,4,,54364.24
CASE_0120_20260317,CUST_570868,2026-03-17T19:04:00Z,0.892,APPROVE,3,private_banking,3,EDD_REQUIRED,61974.05
CASE_0121_20260502,CUST_640258,2026-05-02T04:45:00Z,0.886,APPROVE,3,retail,3,APPROVE,114050.46
CASE_0122_20260429,CUST_971941,2026-04-29T23:47:00Z,0.901,APPROVE,1,retail,2,,104250.02
CASE_0123_20260424,CUST_667569,2026-04-24T08:27:00Z,0.951,APPROVE,1,private_banking,3,APPROVE,8932.74
CASE_0124_20260510,CUST_472498,2026-05-10T01:01:00Z,0.887,APPROVE,3,sme,1,,165090.17
CASE_0125_20260515,CUST_653625,2026-05-15T10:03:00Z,0.906,APPROVE,1,retail,3,APPROVE,70594.41
CASE_0126_20260409,CUST_462211,2026-04-09T06:40:00Z,0.914,APPROVE,1,retail,1,,96767.54
CASE_0127_20260415,CUST_504311,2026-04-15T23:44:00Z,0.9,APPROVE,4,private_banking,2,APPROVE,150072.09
CASE_0128_20260327,CUST_347006,2026-03-27T16:15:00Z,0.975,APPROVE,1,retail,1,,1033.38
CASE_0129_20260429,CUST_755987,2026-04-29T00:35:00Z,0.638,APPROVE,5,retail,4,APPROVE,17525.48
CASE_0130_20260427,CUST_826344,2026-04-27T12:21:00Z,0.971,APPROVE,1,retail,2,EDD_REQUIRED,96687.06
CASE_0131_20260423,CUST_728963,2026-04-23T02:22:00Z,0.579,APPROVE,5,retail,1,APPROVE,79271.36
CASE_0132_20260521,CUST_865080,2026-05-21T02:34:00Z,0.977,APPROVE,2,private_banking,4,REJECT,34724.38
CASE_0133_20260417,CUST_651950,2026-04-17T16:46:00Z,0.985,APPROVE,2,sme,1,REJECT,205322.43
CASE_0134_20260331,CUST_952622,2026-03-31T17:52:00Z,0.605,APPROVE,4,retail,1,,137967.05
CASE_0135_20260303,CUST_947164,2026-03-03T17:21:00Z,0.864,APPROVE,4,retail,2,REJECT,140674.94
CASE_0136_20260517,CUST_313413,2026-05-17T09:29:00Z,0.984,APPROVE,2,retail,1,APPROVE,1805.52
CASE_0137_20260413,CUST_488699,2026-04-13T11:17:00Z,0.874,APPROVE,2,retail,1,APPROVE,15140.61
CASE_0138_20260427,CUST_846448,2026-04-27T03:39:00Z,0.959,APPROVE,2,sme,3,,63486.09
CASE_0139_20260421,CUST_609907,2026-04-21T03:15:00Z,0.89,APPROVE,3,retail,4,,67945.2
CASE_0140_20260304,CUST_349307,2026-03-04T10:29:00Z,0.952,APPROVE,2,retail,1,,23871.75
CASE_0141_20260306,CUST_420632,2026-03-06T01:41:00Z,0.986,APPROVE,3,retail,4,APPROVE,202447.59
CASE_0142_20260513,CUST_150265,2026-05-13T05:49:00Z,0.737,APPROVE,3,retail,4,,6617.71
CASE_0143_20260315,CUST_241110,2026-03-15T12:36:00Z,0.969,APPROVE,1,retail,3,REJECT,154023.22
CASE_0144_20260423,CUST_499662,2026-04-23T20:00:00Z,0.634,APPROVE,3,sme,1,APPROVE,19853.35
CASE_0145_20260316,CUST_102231,2026-03-16T06:10:00Z,0.734,APPROVE,3,retail,2,EDD_REQUIRED,71476.35
CASE_0146_20260427,CUST_939171,2026-04-27T17:25:00Z,0.807,APPROVE,2,sme,3,,41457.51
CASE_0147_20260420,CUST_208256,2026-04-20T18:16:00Z,0.896,APPROVE,2,private_banking,1,APPROVE,197490.59
CASE_0148_20260425,CUST_566819,2026-04-25T23:10:00Z,0.894,APPROVE,2,private_banking,1,,12364.68
CASE_0149_20260503,CUST_905393,2026-05-03T13:49:00Z,0.853,APPROVE,3,retail,1,APPROVE,209638.99
CASE_0150_20260505,CUST_204110,2026-05-05T10:45:00Z,0.694,APPROVE,5,retail,3,,125917.02
CASE_0151_20260522,CUST_501841,2026-05-22T05:06:00Z,0.537,APPROVE,4,retail,2,APPROVE,153620.14
CASE_0152_20260415,CUST_783836,2026-04-15T21:23:00Z,0.864,APPROVE,3,retail,1,,220986.88
CASE_0153_20260325,CUST_777969,2026-03-25T02:46:00Z,0.966,APPROVE,2,retail,3,,10750.33
CASE_0154_20260328,CUST_448421,2026-03-28T12:01:00Z,0.967,APPROVE,3,retail,2,APPROVE,10755.55
CASE_0155_20260329,CUST_266641,2026-03-29T17:39:00Z,0.946,APPROVE,2,retail,2,APPROVE,169162.76
CASE_0156_20260526,CUST_258510,2026-05-26T04:55:00Z,0.867,APPROVE,4,retail,3,APPROVE,139927.99
CASE_0157_20260517,CUST_683980,2026-05-17T06:41:00Z,0.874,APPROVE,2,retail,2,,184730.32
CASE_0158_20260408,CUST_713954,2026-04-08T08:23:00Z,0.981,APPROVE,2,retail,3,,243383.06
CASE_0159_20260422,CUST_958212,2026-04-22T18:34:00Z,0.829,APPROVE,3,retail,1,,196294.33
CASE_0160_20260314,CUST_352921,2026-03-14T17:15:00Z,0.98,APPROVE,2,sme,1,EDD_REQUIRED,194039.07
CASE_0161_20260430,CUST_647143,2026-04-30T09:48:00Z,0.941,APPROVE,2,retail,3,REJECT,102104.07
CASE_0162_20260520,CUST_216937,2026-05-20T16:15:00Z,0.899,APPROVE,3,sme,4,APPROVE,195169.01
CASE_0163_20260411,CUST_273392,2026-04-11T22:08:00Z,0.986,APPROVE,2,retail,2,,209151.59
CASE_0164_20260325,CUST_589552,2026-03-25T23:01:00Z,0.908,APPROVE,3,private_banking,2,APPROVE,73669.71
CASE_0165_20260317,CUST_709986,2026-03-17T00:04:00Z,0.908,APPROVE,2,sme,3,APPROVE,243658.84
CASE_0166_20260315,CUST_395228,2026-03-15T09:36:00Z,0.953,APPROVE,1,retail,2,APPROVE,111256.67
CASE_0167_20260304,CUST_466651,2026-03-04T12:01:00Z,0.889,APPROVE,3,retail,3,,220532.38
CASE_0168_20260506,CUST_552145,2026-05-06T03:12:00Z,0.935,APPROVE,1,private_banking,4,,132007.31
CASE_0169_20260304,CUST_890188,2026-03-04T15:39:00Z,0.907,APPROVE,1,retail,4,APPROVE,243624.44
CASE_0170_20260427,CUST_934858,2026-04-27T18:45:00Z,0.95,APPROVE,2,retail,3,REJECT,140194.22
CASE_0171_20260319,CUST_126873,2026-03-19T06:22:00Z,0.922,APPROVE,1,retail,1,,209167.96
CASE_0172_20260307,CUST_384367,2026-03-07T20:17:00Z,0.852,APPROVE,3,sme,3,REJECT,112225.74
CASE_0173_20260417,CUST_943386,2026-04-17T05:33:00Z,0.942,APPROVE,1,retail,3,,144992.92
CASE_0174_20260508,CUST_275597,2026-05-08T15:05:00Z,0.931,APPROVE,1,retail,2,,207836.51
CASE_0175_20260425,CUST_870304,2026-04-25T05:02:00Z,0.925,REJECT,1,private_banking,4,REJECT,247094.16
CASE_0176_20260314,CUST_475476,2026-03-14T03:25:00Z,0.925,APPROVE,1,private_banking,1,APPROVE,108211.0
CASE_0177_20260415,CUST_263502,2026-04-15T11:53:00Z,0.951,APPROVE,3,retail,4,,109561.89
CASE_0178_20260328,CUST_755099,2026-03-28T10:19:00Z,0.967,APPROVE,1,retail,2,APPROVE,112233.08
CASE_0179_20260301,CUST_900169,2026-03-01T08:28:00Z,0.773,APPROVE,3,retail,1,APPROVE,188462.29
CASE_0180_20260324,CUST_150530,2026-03-24T08:06:00Z,0.941,APPROVE,2,sme,4,APPROVE,224660.63
CASE_0181_20260303,CUST_877182,2026-03-03T07:23:00Z,0.966,APPROVE,2,sme,3,,97371.65
CASE_0182_20260504,CUST_637454,2026-05-04T21:37:00Z,0.605,APPROVE,4,private_banking,1,EDD_REQUIRED,176662.6
CASE_0183_20260409,CUST_963043,2026-04-09T10:06:00Z,0.884,APPROVE,4,private_banking,4,REJECT,148562.66
CASE_0184_20260301,CUST_491875,2026-03-01T23:51:00Z,0.862,APPROVE,2,retail,3,APPROVE,127745.92
CASE_0185_20260314,CUST_690562,2026-03-14T05:16:00Z,0.988,APPROVE,1,retail,3,APPROVE,235385.88
CASE_0186_20260303,CUST_569771,2026-03-03T09:56:00Z,0.609,APPROVE,5,retail,3,APPROVE,232215.05
CASE_0187_20260514,CUST_463708,2026-05-14T05:32:00Z,0.699,APPROVE,5,retail,2,APPROVE,52394.73
CASE_0188_20260321,CUST_956321,2026-03-21T09:51:00Z,0.938,APPROVE,1,sme,1,APPROVE,76600.13
CASE_0189_20260430,CUST_223434,2026-04-30T02:59:00Z,0.729,APPROVE,2,retail,1,,160550.53
CASE_0190_20260426,CUST_347689,2026-04-26T11:25:00Z,0.643,APPROVE,4,sme,3,,207256.74
CASE_0191_20260328,CUST_183808,2026-03-28T09:20:00Z,0.946,APPROVE,2,sme,3,,90564.41
CASE_0192_20260408,CUST_451801,2026-04-08T16:46:00Z,0.904,APPROVE,1,retail,1,,33892.88
CASE_0193_20260329,CUST_834465,2026-03-29T20:56:00Z,0.892,APPROVE,2,retail,3,APPROVE,129216.24
CASE_0194_20260417,CUST_272927,2026-04-17T06:09:00Z,0.873,APPROVE,3,retail,1,EDD_REQUIRED,83060.29
CASE_0195_20260510,CUST_514434,2026-05-10T00:33:00Z,0.925,APPROVE,2,sme,1,APPROVE,107945.21
CASE_0196_20260328,CUST_280966,2026-03-28T13:02:00Z,0.46,APPROVE,3,retail,2,,129887.98
CASE_0197_20260323,CUST_228680,2026-03-23T23:05:00Z,0.921,APPROVE,1,retail,1,EDD_REQUIRED,200042.75
CASE_0198_20260529,CUST_497638,2026-05-29T13:12:00Z,0.945,APPROVE,1,private_banking,1,,165201.86
CASE_0199_20260311,CUST_122346,2026-03-11T11:26:00Z,0.898,APPROVE,4,retail,4,,52683.9
CASE_0200_20260419,CUST_588632,2026-04-19T17:53:00Z,0.968,APPROVE,2,retail,3,REJECT,26173.56
CASE_0201_20260510,CUST_183491,2026-05-10T22:05:00Z,0.456,APPROVE,5,retail,2,APPROVE,84720.1
CASE_0202_20260308,CUST_116672,2026-03-08T16:37:00Z,0.916,APPROVE,1,retail,4,,116930.56
CASE_0203_20260519,CUST_335619,2026-05-19T01:41:00Z,0.936,APPROVE,3,retail,4,EDD_REQUIRED,52780.39
CASE_0204_20260325,CUST_133730,2026-03-25T20:41:00Z,0.728,APPROVE,3,retail,1,APPROVE,201993.4
CASE_0205_20260505,CUST_624399,2026-05-05T12:27:00Z,0.984,APPROVE,2,retail,1,APPROVE,156068.03
CASE_0206_20260530,CUST_651767,2026-05-30T00:00:00Z,0.953,EDD_REQUIRED,3,retail,1,,8238.67
CASE_0207_20260313,CUST_430735,2026-03-13T14:51:00Z,0.905,APPROVE,2,retail,1,APPROVE,136566.48
CASE_0208_20260309,CUST_849961,2026-03-09T17:42:00Z,0.659,APPROVE,4,retail,2,,198894.7
CASE_0209_20260526,CUST_411438,2026-05-26T20:33:00Z,0.86,APPROVE,4,private_banking,1,,166364.61
CASE_0210_20260520,CUST_234801,2026-05-20T09:10:00Z,0.675,APPROVE,5,retail,4,APPROVE,201347.23
CASE_0211_20260319,CUST_787552,2026-03-19T09:54:00Z,0.571,APPROVE,3,retail,2,APPROVE,222301.58
CASE_0212_20260510,CUST_636592,2026-05-10T18:34:00Z,0.981,APPROVE,1,retail,4,,161525.96
CASE_0213_20260318,CUST_309430,2026-03-18T07:58:00Z,0.742,APPROVE,3,private_banking,4,,28705.11
CASE_0214_20260507,CUST_414407,2026-05-07T03:11:00Z,0.925,APPROVE,1,retail,4,APPROVE,222430.6
CASE_0215_20260502,CUST_606929,2026-05-02T18:32:00Z,0.947,APPROVE,1,private_banking,2,,175257.27
CASE_0216_20260429,CUST_262454,2026-04-29T09:39:00Z,0.894,APPROVE,4,private_banking,3,,210864.34
CASE_0217_20260309,CUST_902725,2026-03-09T18:06:00Z,0.927,APPROVE,1,retail,3,APPROVE,21863.55
CASE_0218_20260501,CUST_327804,2026-05-01T01:14:00Z,0.916,EDD_REQUIRED,2,retail,3,,179440.29
CASE_0219_20260310,CUST_995755,2026-03-10T00:19:00Z,0.58,APPROVE,4,retail,2,,104610.78
CASE_0220_20260418,CUST_931933,2026-04-18T23:19:00Z,0.976,APPROVE,3,private_banking,3,,243494.24
CASE_0221_20260428,CUST_890744,2026-04-28T21:35:00Z,0.424,APPROVE,5,retail,3,,107218.5
CASE_0222_20260509,CUST_141190,2026-05-09T03:43:00Z,0.978,APPROVE,2,retail,1,EDD_REQUIRED,134735.59
CASE_0223_20260302,CUST_563262,2026-03-02T06:34:00Z,0.977,APPROVE,2,retail,1,,191414.54
CASE_0224_20260402,CUST_865121,2026-04-02T17:07:00Z,0.912,APPROVE,1,retail,1,,96635.28
CASE_0225_20260522,CUST_623304,2026-05-22T03:44:00Z,0.966,APPROVE,2,retail,1,,174361.64
CASE_0226_20260424,CUST_748427,2026-04-24T19:31:00Z,0.492,APPROVE,4,retail,3,,169281.6
CASE_0227_20260412,CUST_719269,2026-04-12T23:37:00Z,0.934,APPROVE,3,sme,2,,35214.91
CASE_0228_20260402,CUST_754960,2026-04-02T04:59:00Z,0.889,APPROVE,2,retail,4,APPROVE,231277.94
CASE_0229_20260519,CUST_401707,2026-05-19T13:15:00Z,0.88,APPROVE,2,retail,1,APPROVE,174622.25
CASE_0230_20260402,CUST_424826,2026-04-02T09:07:00Z,0.646,REJECT,4,retail,3,,101686.37
CASE_0231_20260519,CUST_493317,2026-05-19T08:25:00Z,0.857,APPROVE,3,retail,2,,58480.44
CASE_0232_20260310,CUST_833496,2026-03-10T00:25:00Z,0.919,APPROVE,2,retail,1,REJECT,98947.3
CASE_0233_20260301,CUST_175638,2026-03-01T11:10:00Z,0.949,APPROVE,1,private_banking,3,,25074.97
CASE_0234_20260302,CUST_571821,2026-03-02T07:30:00Z,0.95,APPROVE,2,retail,1,APPROVE,95838.89
CASE_0235_20260520,CUST_514045,2026-05-20T11:43:00Z,0.627,APPROVE,4,retail,2,EDD_REQUIRED,9052.14
CASE_0236_20260513,CUST_130924,2026-05-13T20:04:00Z,0.988,APPROVE,1,retail,4,APPROVE,67688.64
CASE_0237_20260510,CUST_269988,2026-05-10T18:33:00Z,0.989,APPROVE,2,retail,4,,178266.74
CASE_0238_20260508,CUST_648845,2026-05-08T17:00:00Z,0.706,APPROVE,3,retail,1,,95995.92
CASE_0239_20260522,CUST_525736,2026-05-22T05:35:00Z,0.985,APPROVE,1,retail,1,APPROVE,208909.43
CASE_0240_20260325,CUST_419042,2026-03-25T17:06:00Z,0.873,REJECT,3,retail,1,REJECT,107911.3
CASE_0241_20260415,CUST_171683,2026-04-15T04:10:00Z,0.852,APPROVE,2,private_banking,3,APPROVE,119803.32
CASE_0242_20260519,CUST_331796,2026-05-19T09:05:00Z,0.759,APPROVE,3,retail,3,,148297.08
CASE_0243_20260324,CUST_648360,2026-03-24T00:14:00Z,0.916,APPROVE,1,retail,3,EDD_REQUIRED,220538.63
CASE_0244_20260325,CUST_889270,2026-03-25T02:13:00Z,0.868,APPROVE,2,retail,2,APPROVE,212597.54
CASE_0245_20260422,CUST_745675,2026-04-22T01:24:00Z,0.715,APPROVE,3,retail,1,REJECT,245454.32
CASE_0246_20260429,CUST_338100,2026-04-29T00:35:00Z,0.985,APPROVE,2,retail,4,APPROVE,61045.68
CASE_0247_20260425,CUST_565897,2026-04-25T22:26:00Z,0.714,APPROVE,3,private_banking,3,,63454.85
CASE_0248_20260520,CUST_284468,2026-05-20T19:09:00Z,0.975,APPROVE,1,retail,1,,145872.26
CASE_0249_20260317,CUST_201609,2026-03-17T10:48:00Z,0.952,APPROVE,1,sme,1,EDD_REQUIRED,182333.87
CASE_0250_20260504,CUST_145001,2026-05-04T09:10:00Z,0.937,APPROVE,1,retail,2,EDD_REQUIRED,149996.38
CASE_0251_20260323,CUST_878475,2026-03-23T23:05:00Z,0.901,APPROVE,2,retail,3,,181933.1
CASE_0252_20260306,CUST_674166,2026-03-06T17:35:00Z,0.857,APPROVE,2,sme,2,APPROVE,210432.45
CASE_0253_20260510,CUST_588037,2026-05-10T00:50:00Z,0.978,APPROVE,1,sme,3,APPROVE,121495.94
CASE_0254_20260507,CUST_971154,2026-05-07T13:55:00Z,0.902,REJECT,1,retail,4,,179815.16
CASE_0255_20260418,CUST_622776,2026-04-18T21:36:00Z,0.544,APPROVE,4,sme,3,REJECT,69803.95
CASE_0256_20260417,CUST_212131,2026-04-17T19:13:00Z,0.667,APPROVE,5,retail,1,APPROVE,202497.0
CASE_0257_20260514,CUST_532169,2026-05-14T05:56:00Z,0.891,APPROVE,3,retail,2,EDD_REQUIRED,4549.64
CASE_0258_20260322,CUST_990774,2026-03-22T19:14:00Z,0.811,APPROVE,2,retail,1,APPROVE,606.7
CASE_0259_20260516,CUST_512729,2026-05-16T04:08:00Z,0.843,APPROVE,3,sme,4,APPROVE,157961.89
CASE_0260_20260421,CUST_533324,2026-04-21T20:32:00Z,0.744,APPROVE,3,retail,1,,134069.46
CASE_0261_20260520,CUST_981487,2026-05-20T13:35:00Z,0.627,APPROVE,5,retail,1,,209760.98
CASE_0262_20260324,CUST_581098,2026-03-24T17:13:00Z,0.851,APPROVE,4,retail,2,EDD_REQUIRED,192499.89
CASE_0263_20260526,CUST_397459,2026-05-26T03:14:00Z,0.972,APPROVE,1,retail,1,EDD_REQUIRED,238035.21
CASE_0264_20260522,CUST_970101,2026-05-22T18:57:00Z,0.969,APPROVE,1,retail,3,EDD_REQUIRED,85238.99
CASE_0265_20260419,CUST_920245,2026-04-19T19:08:00Z,0.478,APPROVE,4,retail,2,,1815.93
CASE_0266_20260302,CUST_855377,2026-03-02T04:00:00Z,0.969,APPROVE,1,private_banking,2,APPROVE,165560.59
CASE_0267_20260317,CUST_757633,2026-03-17T01:27:00Z,0.864,APPROVE,4,retail,4,,156678.96
CASE_0268_20260402,CUST_909682,2026-04-02T02:45:00Z,0.647,APPROVE,4,retail,1,EDD_REQUIRED,111977.16
CASE_0269_20260501,CUST_970113,2026-05-01T03:17:00Z,0.924,APPROVE,1,sme,1,APPROVE,196293.07
CASE_0270_20260413,CUST_234650,2026-04-13T17:53:00Z,0.948,APPROVE,2,retail,1,,243103.9
CASE_0271_20260510,CUST_843159,2026-05-10T13:03:00Z,0.808,APPROVE,2,retail,4,APPROVE,240562.07
CASE_0272_20260401,CUST_138135,2026-04-01T14:26:00Z,0.797,APPROVE,3,sme,2,APPROVE,216912.02
CASE_0273_20260501,CUST_215161,2026-05-01T23:58:00Z,0.734,APPROVE,4,retail,1,,248912.47
CASE_0274_20260424,CUST_543562,2026-04-24T22:35:00Z,0.734,APPROVE,2,retail,2,,102290.27
CASE_0275_20260314,CUST_621419,2026-03-14T22:03:00Z,0.897,APPROVE,3,retail,2,APPROVE,221364.85
CASE_0276_20260403,CUST_534966,2026-04-03T00:03:00Z,0.979,APPROVE,2,retail,1,APPROVE,17302.75
CASE_0277_20260424,CUST_832271,2026-04-24T12:39:00Z,0.981,APPROVE,1,retail,3,APPROVE,125677.42
CASE_0278_20260426,CUST_601294,2026-04-26T11:08:00Z,0.426,APPROVE,4,private_banking,1,REJECT,97980.67
CASE_0279_20260406,CUST_778909,2026-04-06T13:33:00Z,0.959,APPROVE,2,retail,1,EDD_REQUIRED,183936.26
CASE_0280_20260414,CUST_659850,2026-04-14T10:55:00Z,0.641,APPROVE,3,private_banking,1,,134822.16
CASE_0281_20260424,CUST_460385,2026-04-24T22:52:00Z,0.686,APPROVE,4,retail,2,,229853.17
CASE_0282_20260320,CUST_857142,2026-03-20T05:43:00Z,0.989,APPROVE,1,retail,1,REJECT,142070.45
CASE_0283_20260303,CUST_631778,2026-03-03T21:15:00Z,0.939,APPROVE,1,retail,1,,209308.19
CASE_0284_20260405,CUST_176091,2026-04-05T00:46:00Z,0.927,REJECT,1,retail,2,REJECT,23677.37
CASE_0285_20260408,CUST_487280,2026-04-08T14:05:00Z,0.935,APPROVE,1,private_banking,1,,194854.13
CASE_0286_20260304,CUST_351272,2026-03-04T17:52:00Z,0.984,APPROVE,2,retail,1,,184688.53
CASE_0287_20260418,CUST_393301,2026-04-18T02:04:00Z,0.662,APPROVE,4,retail,3,,92364.83
CASE_0288_20260327,CUST_289751,2026-03-27T11:45:00Z,0.96,APPROVE,2,retail,1,APPROVE,144751.64
CASE_0289_20260305,CUST_769259,2026-03-05T17:23:00Z,0.885,APPROVE,3,retail,2,APPROVE,90320.2
CASE_0290_20260402,CUST_857893,2026-04-02T22:23:00Z,0.885,APPROVE,2,retail,4,APPROVE,172557.19
CASE_0291_20260330,CUST_148771,2026-03-30T11:05:00Z,0.914,APPROVE,1,retail,3,,21978.63
CASE_0292_20260321,CUST_274091,2026-03-21T20:03:00Z,0.953,APPROVE,1,retail,1,APPROVE,128182.0
CASE_0293_20260508,CUST_562631,2026-05-08T23:20:00Z,0.884,APPROVE,3,retail,3,,221579.72
CASE_0294_20260505,CUST_773044,2026-05-05T04:31:00Z,0.867,APPROVE,3,retail,1,,99784.34
CASE_0295_20260316,CUST_573739,2026-03-16T05:24:00Z,0.952,APPROVE,3,sme,1,,32076.53
CASE_0296_20260530,CUST_679915,2026-05-30T14:07:00Z,0.854,APPROVE,4,retail,3,,35497.5
CASE_0297_20260328,CUST_737442,2026-03-28T22:46:00Z,0.528,EDD_REQUIRED,4,retail,1,,128162.65
CASE_0298_20260420,CUST_637274,2026-04-20T09:14:00Z,0.94,APPROVE,1,retail,1,REJECT,181123.5
CASE_0299_20260514,CUST_614090,2026-05-14T09:16:00Z,0.681,EDD_REQUIRED,4,retail,1,,121877.31
CASE_0300_20260327,CUST_632563,2026-03-27T02:46:00Z,0.981,APPROVE,1,retail,3,APPROVE,133219.45
CASE_0301_20260503,CUST_277243,2026-05-03T07:12:00Z,0.904,APPROVE,2,retail,1,,109303.68
CASE_0302_20260402,CUST_583927,2026-04-02T02:34:00Z,0.898,APPROVE,3,retail,1,EDD_REQUIRED,83058.88
CASE_0303_20260523,CUST_929830,2026-05-23T00:45:00Z,0.836,APPROVE,3,retail,1,APPROVE,135577.86
CASE_0304_20260414,CUST_301775,2026-04-14T22:09:00Z,0.853,REJECT,2,sme,3,REJECT,138111.81
CASE_0305_20260503,CUST_574154,2026-05-03T15:23:00Z,0.97,APPROVE,1,retail,3,REJECT,174533.54
CASE_0306_20260422,CUST_698191,2026-04-22T04:18:00Z,0.861,APPROVE,3,retail,4,,215476.79
CASE_0307_20260412,CUST_852116,2026-04-12T01:29:00Z,0.854,APPROVE,2,retail,2,,43106.3
CASE_0308_20260320,CUST_892370,2026-03-20T00:35:00Z,0.952,APPROVE,3,sme,1,,177896.9
CASE_0309_20260415,CUST_802492,2026-04-15T14:11:00Z,0.959,APPROVE,1,retail,2,APPROVE,119885.13
CASE_0310_20260313,CUST_528706,2026-03-13T13:23:00Z,0.459,APPROVE,3,retail,4,EDD_REQUIRED,246918.8
CASE_0311_20260409,CUST_153076,2026-04-09T00:05:00Z,0.933,APPROVE,2,sme,2,,117466.89
CASE_0312_20260407,CUST_574504,2026-04-07T15:13:00Z,0.986,APPROVE,1,retail,1,,94005.92
CASE_0313_20260405,CUST_453898,2026-04-05T19:59:00Z,0.654,APPROVE,5,retail,1,,160545.21
CASE_0314_20260329,CUST_591101,2026-03-29T12:58:00Z,0.874,APPROVE,3,private_banking,3,APPROVE,108792.58
CASE_0315_20260523,CUST_940394,2026-05-23T03:56:00Z,0.701,APPROVE,2,retail,1,APPROVE,126885.48
CASE_0316_20260524,CUST_891625,2026-05-24T12:45:00Z,0.903,APPROVE,1,private_banking,1,,142232.06
CASE_0317_20260512,CUST_589852,2026-05-12T14:33:07Z,0.62,APPROVE,5,private_banking,4,REJECT,63827.33
CASE_0318_20260519,CUST_478292,2026-05-19T00:22:00Z,0.854,APPROVE,3,retail,1,APPROVE,240437.31
CASE_0319_20260417,CUST_660784,2026-04-17T13:08:00Z,0.973,APPROVE,3,retail,1,APPROVE,226157.99
CASE_0320_20260502,CUST_886801,2026-05-02T22:07:00Z,0.897,APPROVE,3,retail,4,,158240.07
CASE_0321_20260519,CUST_628546,2026-05-19T21:56:00Z,0.638,EDD_REQUIRED,4,sme,2,,42618.58
CASE_0322_20260313,CUST_969274,2026-03-13T08:23:00Z,0.776,APPROVE,3,retail,2,EDD_REQUIRED,120159.7
CASE_0323_20260422,CUST_448715,2026-04-22T14:16:00Z,0.953,APPROVE,3,sme,2,,88572.79
CASE_0324_20260422,CUST_162657,2026-04-22T17:46:00Z,0.904,APPROVE,1,retail,1,,125854.27
CASE_0325_20260417,CUST_203269,2026-04-17T13:35:00Z,0.963,APPROVE,2,retail,1,,12751.68
CASE_0326_20260401,CUST_692265,2026-04-01T11:04:00Z,0.931,APPROVE,3,retail,3,,180944.6
CASE_0327_20260410,CUST_592709,2026-04-10T21:00:00Z,0.926,APPROVE,1,retail,4,,136884.56
CASE_0328_20260513,CUST_257573,2026-05-13T15:11:00Z,0.914,APPROVE,1,private_banking,2,,184079.03
CASE_0329_20260416,CUST_319456,2026-04-16T05:35:00Z,0.981,APPROVE,1,retail,1,,185826.75
CASE_0330_20260402,CUST_750702,2026-04-02T18:39:00Z,0.989,APPROVE,3,retail,2,APPROVE,92978.8
CASE_0331_20260511,CUST_429224,2026-05-11T02:07:00Z,0.91,APPROVE,1,retail,1,,179731.78
CASE_0332_20260519,CUST_225081,2026-05-19T18:33:00Z,0.888,EDD_REQUIRED,2,private_banking,1,,32815.43
CASE_0333_20260321,CUST_147561,2026-03-21T01:09:00Z,0.456,APPROVE,4,retail,1,APPROVE,186660.58
CASE_0334_20260418,CUST_472705,2026-04-18T10:11:00Z,0.806,APPROVE,2,retail,1,,25592.8
CASE_0335_20260503,CUST_797184,2026-05-03T16:42:00Z,0.857,APPROVE,3,retail,1,APPROVE,229712.66
CASE_0336_20260522,CUST_604160,2026-05-22T06:42:00Z,0.964,EDD_REQUIRED,2,retail,2,EDD_REQUIRED,148601.17
CASE_0337_20260324,CUST_477454,2026-03-24T02:04:00Z,0.692,APPROVE,5,retail,1,,203056.27
CASE_0338_20260515,CUST_619152,2026-05-15T15:00:00Z,0.893,APPROVE,3,retail,1,APPROVE,94296.98
CASE_0339_20260521,CUST_777447,2026-05-21T14:09:00Z,0.86,APPROVE,3,retail,2,,67698.27
CASE_0340_20260511,CUST_638864,2026-05-11T23:16:00Z,0.981,APPROVE,2,sme,2,APPROVE,29001.04
CASE_0341_20260406,CUST_524502,2026-04-06T09:30:00Z,0.95,EDD_REQUIRED,1,retail,1,EDD_REQUIRED,204401.85
CASE_0342_20260401,CUST_665218,2026-04-01T00:34:00Z,0.962,APPROVE,1,retail,1,APPROVE,214231.33
CASE_0343_20260422,CUST_331902,2026-04-22T04:29:00Z,0.89,APPROVE,3,retail,3,,38565.13
CASE_0344_20260316,CUST_682491,2026-03-16T08:50:00Z,0.963,APPROVE,1,retail,1,APPROVE,6751.12
CASE_0345_20260412,CUST_567447,2026-04-12T09:35:00Z,0.851,APPROVE,3,sme,1,,96137.72
CASE_0346_20260325,CUST_888824,2026-03-25T12:25:00Z,0.913,APPROVE,3,retail,1,,57881.46
CASE_0347_20260302,CUST_925087,2026-03-02T16:08:00Z,0.887,APPROVE,2,private_banking,1,,82716.35
CASE_0348_20260527,CUST_627368,2026-05-27T14:57:00Z,0.758,APPROVE,3,retail,3,,62990.73
CASE_0349_20260312,CUST_573264,2026-03-12T16:07:00Z,0.909,APPROVE,2,retail,1,,117824.44
CASE_0350_20260526,CUST_787552,2026-05-26T17:41:00Z,0.984,APPROVE,2,retail,1,,151948.09
CASE_0351_20260315,CUST_978004,2026-03-15T07:29:00Z,0.471,APPROVE,4,sme,3,,156604.11
CASE_0352_20260414,CUST_909838,2026-04-14T11:13:00Z,0.731,APPROVE,2,private_banking,3,APPROVE,210065.45
CASE_0353_20260502,CUST_278370,2026-05-02T11:12:00Z,0.707,APPROVE,3,retail,1,,115511.11
CASE_0354_20260323,CUST_228489,2026-03-23T08:49:00Z,0.885,APPROVE,4,retail,3,APPROVE,36981.28
CASE_0355_20260525,CUST_108638,2026-05-25T02:37:00Z,0.887,APPROVE,3,retail,1,,163554.05
CASE_0356_20260304,CUST_664070,2026-03-04T02:38:00Z,0.734,APPROVE,4,retail,1,APPROVE,86224.9
CASE_0357_20260412,CUST_288750,2026-04-12T16:03:00Z,0.983,APPROVE,1,sme,4,APPROVE,214888.92
CASE_0358_20260322,CUST_266781,2026-03-22T17:38:00Z,0.972,APPROVE,2,retail,2,,104258.77
CASE_0359_20260424,CUST_325444,2026-04-24T21:35:00Z,0.978,APPROVE,1,retail,2,APPROVE,123302.25
CASE_0360_20260330,CUST_581969,2026-03-30T10:52:00Z,0.945,APPROVE,1,retail,3,EDD_REQUIRED,31247.44
CASE_0361_20260503,CUST_812756,2026-05-03T20:30:00Z,0.915,APPROVE,1,sme,1,APPROVE,101986.82
CASE_0362_20260310,CUST_753307,2026-03-10T11:44:00Z,0.943,APPROVE,3,retail,1,APPROVE,175820.24
CASE_0363_20260317,CUST_459096,2026-03-17T09:13:00Z,0.9,APPROVE,4,retail,1,,59176.05
CASE_0364_20260514,CUST_655118,2026-05-14T17:35:00Z,0.8,APPROVE,2,retail,1,,154251.14
CASE_0365_20260308,CUST_407798,2026-03-08T22:02:00Z,0.944,APPROVE,1,retail,1,APPROVE,142031.2
CASE_0366_20260306,CUST_412150,2026-03-06T15:14:00Z,0.897,APPROVE,2,retail,1,APPROVE,30379.74
CASE_0367_20260309,CUST_891338,2026-03-09T06:52:00Z,0.895,APPROVE,2,sme,4,REJECT,87878.27
CASE_0368_20260414,CUST_330803,2026-04-14T18:52:00Z,0.969,APPROVE,3,retail,2,APPROVE,177400.87
CASE_0369_20260318,CUST_195054,2026-03-18T04:23:00Z,0.867,APPROVE,4,retail,3,APPROVE,221563.39
CASE_0370_20260327,CUST_211364,2026-03-27T20:11:00Z,0.913,EDD_REQUIRED,1,retail,2,APPROVE,66736.1
CASE_0371_20260304,CUST_922444,2026-03-04T11:36:00Z,0.699,APPROVE,4,retail,1,APPROVE,192478.25
CASE_0372_20260406,CUST_521399,2026-04-06T04:03:00Z,0.89,APPROVE,2,retail,3,APPROVE,184038.8
CASE_0373_20260521,CUST_169356,2026-05-21T12:07:00Z,0.955,EDD_REQUIRED,1,retail,2,,45811.46
CASE_0374_20260330,CUST_759566,2026-03-30T12:01:00Z,0.826,APPROVE,3,private_banking,1,,211117.75
CASE_0375_20260401,CUST_881191,2026-04-01T17:40:00Z,0.858,REJECT,2,retail,3,APPROVE,137323.92
CASE_0376_20260507,CUST_170913,2026-05-07T02:07:00Z,0.821,APPROVE,3,retail,2,APPROVE,238560.09
CASE_0377_20260419,CUST_942712,2026-04-19T08:08:00Z,0.907,APPROVE,1,private_banking,1,APPROVE,242876.99
CASE_0378_20260304,CUST_116498,2026-03-04T17:46:00Z,0.955,APPROVE,1,retail,3,,58848.02
CASE_0379_20260327,CUST_756334,2026-03-27T02:00:00Z,0.434,APPROVE,5,retail,4,APPROVE,87196.12
CASE_0380_20260526,CUST_791264,2026-05-26T07:43:00Z,0.915,APPROVE,3,sme,3,EDD_REQUIRED,197199.76
CASE_0381_20260325,CUST_128844,2026-03-25T12:41:00Z,0.803,APPROVE,3,retail,3,,211701.96
CASE_0382_20260504,CUST_474666,2026-05-04T05:29:00Z,0.961,APPROVE,1,sme,2,APPROVE,207018.9
CASE_0383_20260312,CUST_387488,2026-03-12T23:45:00Z,0.923,APPROVE,2,sme,1,,221163.37
CASE_0384_20260405,CUST_141431,2026-04-05T05:10:00Z,0.676,APPROVE,3,retail,1,,52129.63
CASE_0385_20260519,CUST_610251,2026-05-19T17:22:00Z,0.874,APPROVE,2,retail,3,,140053.87
CASE_0386_20260502,CUST_178116,2026-05-02T08:03:00Z,0.618,APPROVE,5,retail,1,APPROVE,124427.86
CASE_0387_20260319,CUST_913360,2026-03-19T16:43:00Z,0.988,APPROVE,1,retail,1,APPROVE,179064.9
CASE_0388_20260301,CUST_737095,2026-03-01T01:54:00Z,0.943,APPROVE,1,retail,2,,199458.83
CASE_0389_20260425,CUST_571866,2026-04-25T11:33:00Z,0.657,APPROVE,5,retail,1,APPROVE,238345.05
CASE_0390_20260427,CUST_100940,2026-04-27T00:44:00Z,0.454,APPROVE,3,retail,2,APPROVE,243379.82
CASE_0391_20260311,CUST_138841,2026-03-11T07:18:00Z,0.902,APPROVE,1,retail,2,,146728.97
CASE_0392_20260326,CUST_178666,2026-03-26T18:44:00Z,0.913,APPROVE,2,retail,3,,27679.77
CASE_0393_20260311,CUST_706482,2026-03-11T10:20:00Z,0.886,APPROVE,2,retail,2,REJECT,28132.28
CASE_0394_20260427,CUST_520323,2026-04-27T10:01:00Z,0.866,APPROVE,3,retail,3,,238877.73
CASE_0395_20260401,CUST_920611,2026-04-01T18:50:00Z,0.877,APPROVE,2,retail,1,APPROVE,50889.53
CASE_0396_20260503,CUST_927610,2026-05-03T17:25:00Z,0.899,APPROVE,4,retail,1,EDD_REQUIRED,202077.34
CASE_0397_20260326,CUST_793063,2026-03-26T12:46:00Z,0.597,APPROVE,4,retail,1,APPROVE,153402.7
CASE_0398_20260515,CUST_572317,2026-05-15T05:47:00Z,0.868,APPROVE,3,sme,1,APPROVE,59820.48
CASE_0399_20260414,CUST_704748,2026-04-14T06:51:00Z,0.848,APPROVE,3,retail,3,APPROVE,229415.32
CASE_0400_20260301,CUST_612014,2026-03-01T01:56:00Z,0.86,APPROVE,3,private_banking,4,APPROVE,188111.04
CASE_0401_20260318,CUST_655495,2026-03-18T16:04:00Z,0.765,APPROVE,3,retail,2,EDD_REQUIRED,53691.79
CASE_0402_20260324,CUST_799926,2026-03-24T06:18:00Z,0.953,APPROVE,1,retail,1,APPROVE,249389.13
CASE_0403_20260519,CUST_127263,2026-05-19T17:30:00Z,0.977,APPROVE,1,retail,3,,229504.77
CASE_0404_20260521,CUST_174679,2026-05-21T03:05:00Z,0.919,APPROVE,1,private_banking,3,,129308.0
CASE_0405_20260303,CUST_240364,2026-03-03T19:07:00Z,0.915,APPROVE,1,retail,2,EDD_REQUIRED,4371.77
CASE_0406_20260524,CUST_194878,2026-05-24T04:29:00Z,0.723,APPROVE,3,retail,1,,103577.53
CASE_0407_20260529,CUST_909989,2026-05-29T15:17:00Z,0.964,APPROVE,2,retail,1,APPROVE,83995.84
CASE_0408_20260426,CUST_108559,2026-04-26T22:12:00Z,0.986,APPROVE,3,sme,1,EDD_REQUIRED,3799.26
CASE_0409_20260527,CUST_545724,2026-05-27T23:13:00Z,0.618,APPROVE,5,retail,3,APPROVE,95924.74
CASE_0410_20260425,CUST_149350,2026-04-25T00:15:00Z,0.979,APPROVE,1,private_banking,2,EDD_REQUIRED,247834.27
CASE_0411_20260321,CUST_156879,2026-03-21T20:03:00Z,0.605,APPROVE,5,retail,2,,219949.44
CASE_0412_20260403,CUST_713798,2026-04-03T21:51:00Z,0.86,APPROVE,2,retail,1,APPROVE,124069.16
CASE_0413_20260415,CUST_267562,2026-04-15T15:29:00Z,0.964,APPROVE,1,retail,3,,25384.17
CASE_0414_20260420,CUST_499850,2026-04-20T07:39:00Z,0.853,APPROVE,3,retail,3,REJECT,138722.1
CASE_0415_20260429,CUST_642424,2026-04-29T00:59:00Z,0.901,APPROVE,1,retail,4,APPROVE,69481.66
CASE_0416_20260415,CUST_888241,2026-04-15T23:05:00Z,0.949,APPROVE,1,retail,1,APPROVE,230614.3
CASE_0417_20260523,CUST_822482,2026-05-23T09:56:00Z,0.875,APPROVE,3,retail,1,APPROVE,134077.17
CASE_0418_20260414,CUST_995617,2026-04-14T17:45:00Z,0.87,APPROVE,2,retail,2,APPROVE,239006.23
CASE_0419_20260403,CUST_267775,2026-04-03T11:50:00Z,0.983,APPROVE,1,retail,3,,197494.04
CASE_0420_20260408,CUST_289361,2026-04-08T05:47:00Z,0.808,APPROVE,4,retail,1,,237705.74
CASE_0421_20260422,CUST_348217,2026-04-22T02:32:00Z,0.748,APPROVE,3,retail,4,REJECT,83719.86
CASE_0422_20260322,CUST_147942,2026-03-22T01:21:00Z,0.929,APPROVE,2,retail,3,APPROVE,174086.55
CASE_0423_20260522,CUST_272691,2026-05-22T13:58:00Z,0.497,APPROVE,5,private_banking,1,APPROVE,64833.42
CASE_0424_20260313,CUST_720465,2026-03-13T21:39:00Z,0.699,APPROVE,5,retail,2,,129036.27
CASE_0425_20260306,CUST_572102,2026-03-06T08:05:00Z,0.958,APPROVE,1,retail,3,APPROVE,153990.98
CASE_0426_20260410,CUST_444210,2026-04-10T01:05:00Z,0.843,APPROVE,3,private_banking,1,,224762.28
CASE_0427_20260301,CUST_916932,2026-03-01T12:35:00Z,0.615,APPROVE,5,retail,4,,219334.76
CASE_0428_20260407,CUST_148263,2026-04-07T17:10:00Z,0.968,APPROVE,1,sme,2,APPROVE,132629.52
CASE_0429_20260513,CUST_779623,2026-05-13T16:50:00Z,0.909,APPROVE,1,private_banking,1,REJECT,7543.66
CASE_0430_20260425,CUST_265108,2026-04-25T17:27:00Z,0.896,APPROVE,4,retail,2,,95633.63
CASE_0431_20260505,CUST_590434,2026-05-05T14:51:00Z,0.974,APPROVE,1,sme,1,,112316.51
CASE_0432_20260509,CUST_186830,2026-05-09T05:23:00Z,0.894,APPROVE,2,retail,3,,229023.21
CASE_0433_20260331,CUST_871436,2026-03-31T20:28:00Z,0.91,APPROVE,2,retail,2,EDD_REQUIRED,214221.4
CASE_0434_20260508,CUST_169400,2026-05-08T18:33:00Z,0.959,APPROVE,1,retail,3,REJECT,73900.83
CASE_0435_20260430,CUST_310698,2026-04-30T00:45:00Z,0.68,APPROVE,3,retail,2,APPROVE,10979.6
CASE_0436_20260412,CUST_102564,2026-04-12T08:21:00Z,0.945,APPROVE,1,retail,4,,197989.11
CASE_0437_20260516,CUST_569905,2026-05-16T03:20:00Z,0.435,APPROVE,5,retail,1,REJECT,54400.35
CASE_0438_20260302,CUST_467588,2026-03-02T16:22:00Z,0.903,APPROVE,1,retail,2,,245361.13
CASE_0439_20260404,CUST_498100,2026-04-04T00:33:00Z,0.553,APPROVE,5,sme,1,,215625.99
CASE_0440_20260304,CUST_419577,2026-03-04T11:22:00Z,0.919,APPROVE,1,private_banking,3,APPROVE,150297.83
CASE_0441_20260413,CUST_506955,2026-04-13T09:43:00Z,0.86,APPROVE,2,private_banking,3,APPROVE,240956.46
CASE_0442_20260310,CUST_925509,2026-03-10T01:53:00Z,0.746,APPROVE,3,sme,2,,2177.15
CASE_0443_20260328,CUST_569903,2026-03-28T10:35:00Z,0.854,APPROVE,3,retail,3,APPROVE,207956.11
CASE_0444_20260315,CUST_190750,2026-03-15T08:04:00Z,0.852,APPROVE,2,sme,1,,115664.86
CASE_0445_20260411,CUST_214917,2026-04-11T03:19:00Z,0.913,APPROVE,1,retail,4,,149539.47
CASE_0446_20260316,CUST_662433,2026-03-16T19:12:00Z,0.723,APPROVE,3,retail,2,,31677.95
CASE_0447_20260318,CUST_433737,2026-03-18T06:22:00Z,0.858,APPROVE,2,private_banking,1,EDD_REQUIRED,228236.81
CASE_0448_20260413,CUST_256033,2026-04-13T06:16:00Z,0.956,APPROVE,2,retail,3,APPROVE,30674.46
CASE_0449_20260319,CUST_538672,2026-03-19T03:59:00Z,0.876,APPROVE,3,private_banking,3,APPROVE,229900.81
CASE_0450_20260407,CUST_885348,2026-04-07T11:57:00Z,0.657,APPROVE,4,retail,2,,198133.05
CASE_0451_20260527,CUST_402881,2026-05-27T21:02:00Z,0.866,APPROVE,3,retail,3,EDD_REQUIRED,211470.22
CASE_0452_20260509,CUST_789898,2026-05-09T11:37:00Z,0.862,APPROVE,3,retail,1,APPROVE,91939.94
CASE_0453_20260503,CUST_132461,2026-05-03T19:27:00Z,0.881,REJECT,3,private_banking,2,REJECT,113674.89
CASE_0454_20260506,CUST_687140,2026-05-06T03:27:00Z,0.866,APPROVE,2,retail,1,,197255.5
CASE_0455_20260413,CUST_126115,2026-04-13T14:54:00Z,0.618,APPROVE,5,retail,1,APPROVE,103496.7
CASE_0456_20260517,CUST_507626,2026-05-17T18:15:00Z,0.878,APPROVE,4,retail,1,APPROVE,244959.71
CASE_0457_20260525,CUST_149664,2026-05-25T22:29:00Z,0.967,APPROVE,1,retail,2,APPROVE,123308.38
CASE_0458_20260501,CUST_543169,2026-05-01T15:00:00Z,0.859,APPROVE,2,retail,2,EDD_REQUIRED,171109.14
CASE_0459_20260416,CUST_669788,2026-04-16T16:21:00Z,0.79,APPROVE,3,sme,3,APPROVE,240852.06
CASE_0460_20260409,CUST_348607,2026-04-09T00:07:00Z,0.903,APPROVE,1,retail,2,EDD_REQUIRED,51182.6
CASE_0461_20260515,CUST_165430,2026-05-15T09:16:00Z,0.773,APPROVE,4,retail,4,APPROVE,45909.32
CASE_0462_20260520,CUST_956819,2026-05-20T06:09:00Z,0.608,APPROVE,3,retail,2,,198536.39
CASE_0463_20260321,CUST_422098,2026-03-21T13:36:00Z,0.937,APPROVE,2,retail,1,APPROVE,81107.69
CASE_0464_20260515,CUST_759260,2026-05-15T01:25:00Z,0.941,APPROVE,1,retail,2,,148802.39
CASE_0465_20260322,CUST_303928,2026-03-22T04:25:00Z,0.621,APPROVE,4,private_banking,1,,204416.56
CASE_0466_20260513,CUST_997859,2026-05-13T19:51:00Z,0.967,APPROVE,3,retail,3,,230401.92
CASE_0467_20260423,CUST_447428,2026-04-23T01:04:00Z,0.862,EDD_REQUIRED,2,retail,1,EDD_REQUIRED,246604.62
CASE_0468_20260505,CUST_334713,2026-05-05T15:12:00Z,0.853,APPROVE,3,sme,4,,235645.47
CASE_0469_20260329,CUST_714131,2026-03-29T13:40:00Z,0.982,APPROVE,1,retail,3,EDD_REQUIRED,172263.69
CASE_0470_20260510,CUST_775432,2026-05-10T20:57:00Z,0.972,APPROVE,2,retail,2,,77477.87
CASE_0471_20260512,CUST_254947,2026-05-12T21:39:00Z,0.705,APPROVE,3,retail,1,APPROVE,151562.37
CASE_0472_20260311,CUST_338850,2026-03-11T11:20:00Z,0.44,APPROVE,4,retail,2,,163099.99
CASE_0473_20260306,CUST_269518,2026-03-06T10:04:00Z,0.899,APPROVE,4,retail,4,,133191.83
CASE_0474_20260415,CUST_328470,2026-04-15T04:07:00Z,0.966,APPROVE,2,retail,4,APPROVE,76824.29
CASE_0475_20260404,CUST_407186,2026-04-04T07:03:00Z,0.982,APPROVE,2,retail,1,APPROVE,195557.9
CASE_0476_20260421,CUST_918301,2026-04-21T00:33:00Z,0.939,APPROVE,2,retail,3,APPROVE,248538.18
CASE_0477_20260317,CUST_304506,2026-03-17T06:36:00Z,0.879,APPROVE,3,sme,3,APPROVE,17041.21
CASE_0478_20260401,CUST_414791,2026-04-01T01:56:00Z,0.951,APPROVE,1,retail,1,,171741.73
CASE_0479_20260412,CUST_925979,2026-04-12T12:43:00Z,0.659,APPROVE,5,retail,1,,126554.96
CASE_0480_20260319,CUST_733577,2026-03-19T11:23:00Z,0.623,APPROVE,5,retail,4,,46786.81
CASE_0481_20260328,CUST_276310,2026-03-28T00:30:00Z,0.646,APPROVE,5,private_banking,1,APPROVE,52843.39
CASE_0482_20260302,CUST_578882,2026-03-02T03:08:00Z,0.882,APPROVE,3,retail,4,,111887.98
CASE_0483_20260520,CUST_462369,2026-05-20T05:09:00Z,0.984,APPROVE,1,private_banking,4,APPROVE,48872.53
CASE_0484_20260328,CUST_140104,2026-03-28T04:25:00Z,0.893,APPROVE,3,retail,2,APPROVE,19453.75
CASE_0485_20260428,CUST_429268,2026-04-28T02:01:00Z,0.867,APPROVE,2,retail,1,REJECT,173815.76
CASE_0486_20260419,CUST_835010,2026-04-19T15:46:00Z,0.742,APPROVE,3,retail,2,APPROVE,47718.44
CASE_0487_20260429,CUST_639981,2026-04-29T11:54:00Z,0.911,APPROVE,1,retail,3,APPROVE,153387.75
CASE_0488_20260520,CUST_849548,2026-05-20T22:41:00Z,0.619,EDD_REQUIRED,4,sme,2,APPROVE,49988.77
CASE_0489_20260506,CUST_346615,2026-05-06T22:40:00Z,0.554,APPROVE,4,retail,3,APPROVE,59707.12
CASE_0490_20260522,CUST_113482,2026-05-22T17:52:00Z,0.905,APPROVE,2,retail,1,APPROVE,128774.59
CASE_0491_20260521,CUST_967387,2026-05-21T12:48:00Z,0.643,APPROVE,5,retail,2,,103336.46
CASE_0492_20260310,CUST_886765,2026-03-10T19:41:00Z,0.91,APPROVE,1,sme,3,APPROVE,82904.22
CASE_0493_20260426,CUST_352915,2026-04-26T05:14:00Z,0.893,APPROVE,2,retail,1,APPROVE,166760.09
CASE_0494_20260420,CUST_892910,2026-04-20T23:40:00Z,0.977,APPROVE,1,retail,1,APPROVE,65825.12
CASE_0495_20260315,CUST_775216,2026-03-15T10:17:00Z,0.868,APPROVE,2,private_banking,3,APPROVE,126945.85
CASE_0496_20260418,CUST_763456,2026-04-18T12:11:00Z,0.931,APPROVE,1,retail,2,APPROVE,163325.7
CASE_0497_20260519,CUST_672754,2026-05-19T05:19:00Z,0.887,APPROVE,3,retail,4,APPROVE,118822.55
CASE_0498_20260324,CUST_476200,2026-03-24T14:21:00Z,0.719,APPROVE,3,retail,2,APPROVE,180150.97
CASE_0499_20260523,CUST_807125,2026-05-23T01:49:00Z,0.899,APPROVE,2,retail,1,EDD_REQUIRED,219239.42
CASE_0500_20260525,CUST_406939,2026-05-25T16:48:00Z,0.869,APPROVE,3,sme,4,APPROVE,209947.38
CASE_0501_20260403,CUST_543591,2026-04-03T11:20:00Z,0.984,EDD_REQUIRED,2,retail,1,,31781.8
CASE_0502_20260512,CUST_853672,2026-05-12T19:48:00Z,0.679,APPROVE,5,retail,2,,172652.11
CASE_0503_20260327,CUST_879288,2026-03-27T23:06:00Z,0.856,APPROVE,4,retail,1,,214932.97
CASE_0504_20260317,CUST_253541,2026-03-17T08:37:00Z,0.652,EDD_REQUIRED,4,sme,1,,3431.0
CASE_0505_20260325,CUST_626283,2026-03-25T07:09:00Z,0.966,APPROVE,1,private_banking,2,APPROVE,116916.05
CASE_0506_20260515,CUST_960439,2026-05-15T20:50:00Z,0.948,APPROVE,2,sme,4,,123187.78
CASE_0507_20260515,CUST_152379,2026-05-15T10:03:00Z,0.56,APPROVE,4,retail,2,,228028.24
CASE_0508_20260518,CUST_830861,2026-05-18T03:37:00Z,0.96,APPROVE,1,retail,2,,70207.32
CASE_0509_20260527,CUST_418706,2026-05-27T18:41:00Z,0.981,APPROVE,1,retail,2,,1850.24
CASE_0510_20260508,CUST_770296,2026-05-08T18:20:00Z,0.973,APPROVE,1,sme,1,,119496.27
CASE_0511_20260509,CUST_121825,2026-05-09T08:13:00Z,0.836,EDD_REQUIRED,3,retail,1,,138857.59
CASE_0512_20260420,CUST_780319,2026-04-20T18:19:00Z,0.961,APPROVE,2,retail,2,,67535.66
CASE_0513_20260307,CUST_146459,2026-03-07T05:36:00Z,0.901,APPROVE,2,retail,2,,36690.66
CASE_0514_20260330,CUST_836756,2026-03-30T04:01:00Z,0.799,APPROVE,2,retail,1,APPROVE,132053.31
CASE_0515_20260519,CUST_477981,2026-05-19T02:54:00Z,0.951,APPROVE,1,sme,3,APPROVE,64014.93
CASE_0516_20260520,CUST_170672,2026-05-20T14:17:00Z,0.801,APPROVE,4,retail,1,APPROVE,130971.88
CASE_0517_20260404,CUST_803673,2026-04-04T02:55:00Z,0.737,APPROVE,4,sme,2,APPROVE,180114.32
CASE_0518_20260428,CUST_480898,2026-04-28T00:54:00Z,0.905,APPROVE,2,retail,3,EDD_REQUIRED,46322.63
CASE_0519_20260328,CUST_667100,2026-03-28T20:18:00Z,0.895,APPROVE,3,retail,3,APPROVE,124581.52
CASE_0520_20260521,CUST_110701,2026-05-21T12:26:00Z,0.586,APPROVE,5,retail,3,APPROVE,58627.68
CASE_0521_20260306,CUST_144883,2026-03-06T08:22:00Z,0.87,APPROVE,2,private_banking,3,,201910.31
CASE_0522_20260526,CUST_175943,2026-05-26T16:18:00Z,0.93,APPROVE,3,retail,3,APPROVE,45554.46
CASE_0523_20260510,CUST_394148,2026-05-10T13:49:00Z,0.755,APPROVE,3,retail,1,,232243.38
CASE_0524_20260409,CUST_554128,2026-04-09T17:23:00Z,0.628,APPROVE,3,private_banking,3,APPROVE,212348.89
CASE_0525_20260312,CUST_285564,2026-03-12T05:57:00Z,0.706,APPROVE,2,retail,2,APPROVE,134507.25
CASE_0526_20260313,CUST_432599,2026-03-13T04:14:00Z,0.988,APPROVE,1,sme,1,EDD_REQUIRED,195959.99
CASE_0527_20260310,CUST_852080,2026-03-10T20:08:00Z,0.624,APPROVE,5,retail,1,APPROVE,206029.54
CASE_0528_20260407,CUST_885994,2026-04-07T06:08:00Z,0.901,APPROVE,1,retail,1,APPROVE,93825.84
CASE_0529_20260512,CUST_534411,2026-05-12T22:45:00Z,0.916,APPROVE,1,retail,1,REJECT,62161.09
CASE_0530_20260515,CUST_847289,2026-05-15T18:51:00Z,0.938,APPROVE,1,private_banking,1,,234450.6
CASE_0531_20260324,CUST_706264,2026-03-24T05:46:00Z,0.955,APPROVE,1,private_banking,1,,246256.57
CASE_0532_20260301,CUST_177924,2026-03-01T12:35:00Z,0.93,APPROVE,1,retail,2,,143390.95
CASE_0533_20260427,CUST_837674,2026-04-27T05:22:00Z,0.948,APPROVE,1,sme,2,,5749.82
CASE_0534_20260319,CUST_237993,2026-03-19T07:52:00Z,0.876,APPROVE,2,retail,2,APPROVE,50412.32
CASE_0535_20260314,CUST_868207,2026-03-14T20:50:00Z,0.727,APPROVE,3,retail,1,EDD_REQUIRED,161435.06
CASE_0536_20260514,CUST_215440,2026-05-14T13:51:00Z,0.889,APPROVE,3,private_banking,3,,162527.67
CASE_0537_20260403,CUST_465171,2026-04-03T19:58:00Z,0.479,APPROVE,3,retail,1,APPROVE,74840.56
CASE_0538_20260321,CUST_210396,2026-03-21T04:38:00Z,0.414,APPROVE,3,retail,1,,94181.79
CASE_0539_20260407,CUST_242095,2026-04-07T02:19:00Z,0.865,APPROVE,3,retail,2,EDD_REQUIRED,117848.75
CASE_0540_20260402,CUST_137088,2026-04-02T07:15:00Z,0.946,APPROVE,2,retail,2,,142998.54
CASE_0541_20260523,CUST_875161,2026-05-23T20:25:00Z,0.935,APPROVE,2,retail,1,APPROVE,152749.51
CASE_0542_20260320,CUST_247188,2026-03-20T00:32:00Z,0.883,APPROVE,3,private_banking,3,,100049.74
CASE_0543_20260401,CUST_200120,2026-04-01T17:00:00Z,0.863,APPROVE,3,private_banking,1,EDD_REQUIRED,48329.41
CASE_0544_20260430,CUST_615520,2026-04-30T12:50:00Z,0.906,APPROVE,3,retail,2,,170307.33
CASE_0545_20260418,CUST_766723,2026-04-18T13:08:00Z,0.892,APPROVE,3,sme,3,,55787.94
CASE_0546_20260517,CUST_637045,2026-05-17T10:35:00Z,0.96,APPROVE,1,private_banking,1,REJECT,218128.63
CASE_0547_20260511,CUST_392602,2026-05-11T15:17:00Z,0.9,APPROVE,4,retail,1,EDD_REQUIRED,181776.56
CASE_0548_20260424,CUST_766374,2026-04-24T06:08:00Z,0.854,APPROVE,2,retail,1,,180384.87
CASE_0549_20260309,CUST_256757,2026-03-09T01:28:00Z,0.862,APPROVE,4,retail,2,APPROVE,114774.01
CASE_0550_20260511,CUST_550626,2026-05-11T17:14:00Z,0.898,APPROVE,2,retail,1,,217757.59
CASE_0551_20260517,CUST_358124,2026-05-17T09:36:00Z,0.984,APPROVE,2,retail,3,EDD_REQUIRED,95623.89
CASE_0552_20260413,CUST_270753,2026-04-13T10:06:00Z,0.663,APPROVE,5,retail,4,,117940.78
CASE_0553_20260523,CUST_132299,2026-05-23T04:28:00Z,0.699,EDD_REQUIRED,4,retail,2,APPROVE,8020.45
CASE_0554_20260517,CUST_927618,2026-05-17T10:53:00Z,0.579,APPROVE,3,retail,1,,159694.81
CASE_0555_20260318,CUST_987040,2026-03-18T19:26:00Z,0.943,APPROVE,2,retail,1,APPROVE,76439.77
CASE_0556_20260326,CUST_856759,2026-03-26T17:34:00Z,0.794,APPROVE,3,retail,3,APPROVE,35937.83
CASE_0557_20260526,CUST_978033,2026-05-26T00:11:00Z,0.971,APPROVE,2,retail,2,EDD_REQUIRED,47869.46
CASE_0558_20260502,CUST_717955,2026-05-02T14:02:00Z,0.876,APPROVE,2,retail,1,APPROVE,50466.73
CASE_0559_20260404,CUST_989363,2026-04-04T23:12:00Z,0.82,APPROVE,3,sme,3,APPROVE,31657.95
CASE_0560_20260530,CUST_225953,2026-05-30T16:02:00Z,0.91,APPROVE,2,retail,2,APPROVE,150125.07
CASE_0561_20260329,CUST_233546,2026-03-29T14:15:00Z,0.959,APPROVE,1,retail,1,APPROVE,244947.28
CASE_0562_20260305,CUST_150286,2026-03-05T02:50:00Z,0.959,APPROVE,1,retail,1,,169639.75
CASE_0563_20260403,CUST_431417,2026-04-03T22:34:00Z,0.984,APPROVE,1,retail,1,,82692.33
CASE_0564_20260522,CUST_203935,2026-05-22T22:01:00Z,0.971,APPROVE,1,retail,1,APPROVE,41662.3
CASE_0565_20260328,CUST_478365,2026-03-28T13:37:00Z,0.889,APPROVE,4,retail,1,APPROVE,162941.96
CASE_0566_20260326,CUST_447635,2026-03-26T09:59:00Z,0.899,APPROVE,2,retail,2,APPROVE,2640.92
CASE_0567_20260516,CUST_375915,2026-05-16T11:41:00Z,0.766,APPROVE,2,retail,1,,155915.15
CASE_0568_20260415,CUST_376140,2026-04-15T01:11:00Z,0.988,APPROVE,2,retail,1,APPROVE,83615.76
CASE_0569_20260419,CUST_781230,2026-04-19T20:16:00Z,0.891,APPROVE,4,retail,2,REJECT,48909.8
CASE_0570_20260523,CUST_824748,2026-05-23T16:33:00Z,0.87,APPROVE,4,retail,3,APPROVE,63869.16
CASE_0571_20260409,CUST_909088,2026-04-09T05:41:00Z,0.927,APPROVE,2,retail,3,REJECT,107014.56
CASE_0572_20260430,CUST_751190,2026-04-30T13:17:00Z,0.771,APPROVE,3,retail,3,,85410.94
CASE_0573_20260501,CUST_738161,2026-05-01T07:07:00Z,0.864,APPROVE,2,retail,2,APPROVE,105586.53
CASE_0574_20260418,CUST_384551,2026-04-18T10:42:00Z,0.924,APPROVE,2,retail,2,,226297.68
CASE_0575_20260329,CUST_307262,2026-03-29T08:05:00Z,0.528,APPROVE,3,retail,2,APPROVE,107817.03
CASE_0576_20260515,CUST_511668,2026-05-15T23:17:00Z,0.937,APPROVE,2,retail,3,EDD_REQUIRED,157245.33
CASE_0577_20260417,CUST_516161,2026-04-17T20:42:00Z,0.877,APPROVE,3,sme,1,APPROVE,245561.39
CASE_0578_20260313,CUST_170425,2026-03-13T21:34:00Z,0.784,APPROVE,3,retail,1,APPROVE,121106.84
CASE_0579_20260524,CUST_483155,2026-05-24T03:35:00Z,0.628,APPROVE,4,retail,3,APPROVE,68206.26
CASE_0580_20260513,CUST_940798,2026-05-13T07:35:00Z,0.749,APPROVE,4,private_banking,1,APPROVE,224788.77
CASE_0581_20260521,CUST_700263,2026-05-21T17:07:00Z,0.492,APPROVE,3,retail,2,APPROVE,148931.65
CASE_0582_20260414,CUST_334365,2026-04-14T23:38:00Z,0.965,APPROVE,3,private_banking,2,,226392.44
CASE_0583_20260530,CUST_608634,2026-05-30T08:13:00Z,0.668,APPROVE,3,retail,1,APPROVE,167455.48
CASE_0584_20260323,CUST_542289,2026-03-23T01:41:00Z,0.852,APPROVE,3,retail,1,APPROVE,46376.96
CASE_0585_20260416,CUST_132558,2026-04-16T23:12:00Z,0.957,APPROVE,1,sme,1,APPROVE,154747.61
CASE_0586_20260311,CUST_902385,2026-03-11T20:07:00Z,0.97,APPROVE,2,retail,1,REJECT,208504.23
CASE_0587_20260503,CUST_660853,2026-05-03T23:30:00Z,0.897,APPROVE,2,private_banking,3,,104796.18
CASE_0588_20260429,CUST_134504,2026-04-29T19:14:00Z,0.962,APPROVE,2,retail,2,,216418.18
CASE_0589_20260401,CUST_776903,2026-04-01T07:48:00Z,0.985,APPROVE,1,retail,4,APPROVE,18929.06
CASE_0590_20260510,CUST_131484,2026-05-10T12:11:00Z,0.913,EDD_REQUIRED,1,sme,2,EDD_REQUIRED,104440.14
CASE_0591_20260430,CUST_462435,2026-04-30T22:45:00Z,0.9,APPROVE,3,private_banking,4,APPROVE,148198.25
CASE_0592_20260404,CUST_268007,2026-04-04T10:46:00Z,0.785,APPROVE,4,private_banking,1,APPROVE,77720.78
CASE_0593_20260530,CUST_984701,2026-05-30T13:08:00Z,0.918,APPROVE,1,sme,3,APPROVE,170369.92
CASE_0594_20260323,CUST_718937,2026-03-23T05:19:00Z,0.523,APPROVE,3,retail,1,APPROVE,61878.19
CASE_0595_20260319,CUST_624114,2026-03-19T12:07:00Z,0.547,APPROVE,3,private_banking,3,,138763.07
CASE_0596_20260410,CUST_551350,2026-04-10T09:25:00Z,0.695,APPROVE,5,retail,4,,167855.36
CASE_0597_20260304,CUST_881852,2026-03-04T03:02:00Z,0.934,APPROVE,2,retail,4,APPROVE,166186.15
CASE_0598_20260328,CUST_377247,2026-03-28T05:17:00Z,0.746,APPROVE,3,private_banking,1,,167124.73
CASE_0599_20260404,CUST_761634,2026-04-04T07:44:00Z,0.898,APPROVE,4,private_banking,1,REJECT,195882.01
CASE_0600_20260421,CUST_838615,2026-04-21T05:33:00Z,0.441,APPROVE,4,retail,1,APPROVE,9809.52
CASE_0601_20260515,CUST_752713,2026-05-15T23:52:00Z,0.968,APPROVE,1,retail,4,REJECT,190359.18
CASE_0602_20260516,CUST_452804,2026-05-16T14:09:00Z,0.858,APPROVE,2,retail,1,REJECT,193746.71
CASE_0603_20260321,CUST_595025,2026-03-21T14:54:00Z,0.89,APPROVE,3,private_banking,2,,225550.2
CASE_0604_20260523,CUST_798507,2026-05-23T23:28:00Z,0.455,APPROVE,5,retail,1,APPROVE,247395.75
CASE_0605_20260325,CUST_603112,2026-03-25T13:49:00Z,0.99,APPROVE,2,retail,3,APPROVE,9518.86
CASE_0606_20260317,CUST_362212,2026-03-17T19:31:00Z,0.971,APPROVE,1,retail,2,APPROVE,153159.23
CASE_0607_20260508,CUST_638553,2026-05-08T06:02:00Z,0.95,APPROVE,1,retail,3,APPROVE,142464.5
CASE_0608_20260308,CUST_823877,2026-03-08T17:49:00Z,0.955,APPROVE,3,retail,4,,211004.82
CASE_0609_20260305,CUST_117999,2026-03-05T22:56:00Z,0.961,APPROVE,1,retail,2,APPROVE,51944.21
CASE_0610_20260525,CUST_917863,2026-05-25T19:24:00Z,0.705,APPROVE,4,retail,1,EDD_REQUIRED,242667.28
CASE_0611_20260321,CUST_179634,2026-03-21T23:44:00Z,0.793,APPROVE,2,sme,2,,191062.06
CASE_0612_20260430,CUST_273183,2026-04-30T09:05:00Z,0.981,APPROVE,2,sme,1,,19853.94
CASE_0613_20260523,CUST_578133,2026-05-23T23:02:00Z,0.885,APPROVE,4,private_banking,2,APPROVE,10723.01
CASE_0614_20260421,CUST_807701,2026-04-21T17:01:00Z,0.749,APPROVE,2,retail,4,APPROVE,233893.61
CASE_0615_20260324,CUST_991334,2026-03-24T00:42:00Z,0.695,APPROVE,3,retail,2,,229657.09
CASE_0616_20260527,CUST_800655,2026-05-27T03:05:00Z,0.918,APPROVE,2,retail,4,APPROVE,131339.42
CASE_0617_20260410,CUST_843899,2026-04-10T01:32:00Z,0.638,APPROVE,4,private_banking,1,REJECT,176803.36
CASE_0618_20260312,CUST_844823,2026-03-12T11:24:00Z,0.895,APPROVE,4,retail,3,APPROVE,61340.43
CASE_0619_20260528,CUST_535406,2026-05-28T07:22:00Z,0.619,APPROVE,5,retail,1,,160797.66
CASE_0620_20260322,CUST_902696,2026-03-22T14:24:00Z,0.632,APPROVE,5,sme,3,REJECT,90620.84
CASE_0621_20260321,CUST_843819,2026-03-21T10:30:00Z,0.926,APPROVE,1,private_banking,3,,7678.24
CASE_0622_20260416,CUST_506976,2026-04-16T11:46:00Z,0.781,APPROVE,3,retail,3,,158548.67
CASE_0623_20260312,CUST_974202,2026-03-12T02:26:00Z,0.917,APPROVE,2,retail,2,,198986.27
CASE_0624_20260508,CUST_128531,2026-05-08T07:25:00Z,0.865,APPROVE,3,retail,1,EDD_REQUIRED,19379.36
CASE_0625_20260307,CUST_502426,2026-03-07T22:15:00Z,0.413,APPROVE,4,retail,3,,63515.33
CASE_0626_20260308,CUST_781774,2026-03-08T06:44:00Z,0.949,APPROVE,1,retail,4,,181853.59
CASE_0627_20260526,CUST_490196,2026-05-26T16:14:00Z,0.671,APPROVE,3,retail,3,EDD_REQUIRED,62245.72
CASE_0628_20260505,CUST_586899,2026-05-05T04:55:00Z,0.619,APPROVE,5,private_banking,3,,21678.71
CASE_0629_20260416,CUST_177333,2026-04-16T09:19:00Z,0.942,APPROVE,1,retail,1,APPROVE,35075.15
CASE_0630_20260425,CUST_592447,2026-04-25T03:31:00Z,0.783,APPROVE,3,sme,2,,130160.23
CASE_0631_20260521,CUST_662253,2026-05-21T09:03:00Z,0.832,APPROVE,3,retail,1,APPROVE,169361.96
CASE_0632_20260510,CUST_691441,2026-05-10T04:44:00Z,0.916,APPROVE,3,retail,4,APPROVE,178617.86
CASE_0633_20260318,CUST_600484,2026-03-18T09:25:00Z,0.967,APPROVE,1,private_banking,2,APPROVE,72117.07
CASE_0634_20260428,CUST_698154,2026-04-28T11:42:00Z,0.948,APPROVE,2,retail,1,REJECT,245962.9
CASE_0635_20260304,CUST_450057,2026-03-04T14:15:00Z,0.814,APPROVE,3,retail,2,APPROVE,157129.16
CASE_0636_20260508,CUST_185024,2026-05-08T10:06:00Z,0.962,APPROVE,1,retail,3,,179105.35
CASE_0637_20260423,CUST_632019,2026-04-23T07:10:00Z,0.404,APPROVE,4,retail,1,,109202.42
CASE_0638_20260305,CUST_667808,2026-03-05T11:20:00Z,0.674,APPROVE,5,retail,2,,13713.19
CASE_0639_20260530,CUST_812208,2026-05-30T07:17:00Z,0.906,APPROVE,1,private_banking,4,REJECT,237552.29
CASE_0640_20260420,CUST_800891,2026-04-20T03:48:00Z,0.504,REJECT,5,retail,3,APPROVE,60157.88
CASE_0641_20260506,CUST_803971,2026-05-06T01:50:00Z,0.623,APPROVE,3,retail,3,APPROVE,112030.13
CASE_0642_20260402,CUST_769349,2026-04-02T07:49:00Z,0.901,APPROVE,1,retail,1,,21271.1
CASE_0643_20260315,CUST_500490,2026-03-15T20:39:00Z,0.985,APPROVE,2,retail,2,REJECT,42030.82
CASE_0644_20260315,CUST_875024,2026-03-15T22:49:00Z,0.871,APPROVE,3,retail,2,EDD_REQUIRED,7915.22
CASE_0645_20260506,CUST_787150,2026-05-06T20:20:00Z,0.853,APPROVE,3,retail,1,,184255.75
CASE_0646_20260408,CUST_794357,2026-04-08T11:25:00Z,0.863,REJECT,3,retail,1,APPROVE,67688.63
CASE_0647_20260428,CUST_981238,2026-04-28T08:23:00Z,0.923,APPROVE,1,retail,1,APPROVE,238146.83
CASE_0648_20260501,CUST_644370,2026-05-01T15:07:00Z,0.926,APPROVE,1,retail,2,,122719.21
CASE_0649_20260415,CUST_256381,2026-04-15T14:36:00Z,0.923,APPROVE,1,sme,2,APPROVE,107298.33
CASE_0650_20260417,CUST_349551,2026-04-17T13:04:00Z,0.405,APPROVE,5,retail,1,APPROVE,186003.81
CASE_0651_20260311,CUST_773342,2026-03-11T00:50:00Z,0.898,APPROVE,3,retail,2,,210833.0
CASE_0652_20260411,CUST_552098,2026-04-11T12:19:00Z,0.947,APPROVE,1,retail,2,,55993.28
CASE_0653_20260507,CUST_436508,2026-05-07T12:22:00Z,0.926,APPROVE,1,retail,1,APPROVE,66122.75
CASE_0654_20260525,CUST_837586,2026-05-25T03:36:00Z,0.503,APPROVE,5,retail,4,APPROVE,40302.45
CASE_0655_20260410,CUST_877899,2026-04-10T15:49:00Z,0.925,APPROVE,1,retail,2,REJECT,197123.61
CASE_0656_20260420,CUST_628027,2026-04-20T17:55:00Z,0.956,APPROVE,3,retail,3,EDD_REQUIRED,158435.1
CASE_0657_20260405,CUST_325760,2026-04-05T07:04:00Z,0.58,APPROVE,4,retail,4,APPROVE,88569.54
CASE_0658_20260520,CUST_786258,2026-05-20T01:39:00Z,0.8,APPROVE,2,sme,3,APPROVE,173999.43
CASE_0659_20260514,CUST_676041,2026-05-14T17:32:00Z,0.96,APPROVE,1,retail,1,,11926.2
CASE_0660_20260509,CUST_186964,2026-05-09T06:57:00Z,0.924,APPROVE,2,private_banking,2,APPROVE,119382.77
CASE_0661_20260405,CUST_254083,2026-04-05T09:02:00Z,0.675,APPROVE,5,retail,2,,194100.47
CASE_0662_20260411,CUST_457573,2026-04-11T03:09:00Z,0.978,EDD_REQUIRED,1,retail,3,EDD_REQUIRED,242225.32
CASE_0663_20260517,CUST_738397,2026-05-17T23:17:00Z,0.709,APPROVE,3,retail,3,APPROVE,63364.34
CASE_0664_20260506,CUST_251518,2026-05-06T12:10:00Z,0.853,APPROVE,2,retail,3,,202012.2
CASE_0665_20260325,CUST_957652,2026-03-25T14:30:00Z,0.7,APPROVE,4,retail,1,APPROVE,112388.02
CASE_0666_20260331,CUST_241493,2026-03-31T15:54:00Z,0.986,APPROVE,1,retail,2,APPROVE,168649.57
CASE_0667_20260504,CUST_334555,2026-05-04T02:06:00Z,0.732,APPROVE,2,retail,4,APPROVE,102561.78
CASE_0668_20260323,CUST_792223,2026-03-23T00:53:00Z,0.867,APPROVE,2,retail,1,REJECT,104801.08
CASE_0669_20260329,CUST_553611,2026-03-29T11:39:00Z,0.979,APPROVE,1,retail,1,,17702.61
CASE_0670_20260405,CUST_373202,2026-04-05T00:23:00Z,0.923,APPROVE,3,retail,1,,212391.91
CASE_0671_20260428,CUST_686853,2026-04-28T11:03:00Z,0.884,REJECT,2,private_banking,2,APPROVE,229583.08
CASE_0672_20260307,CUST_289466,2026-03-07T06:06:00Z,0.975,APPROVE,3,private_banking,1,APPROVE,86402.6
CASE_0673_20260412,CUST_488722,2026-04-12T01:05:00Z,0.546,APPROVE,4,private_banking,3,APPROVE,22344.99
CASE_0674_20260307,CUST_925017,2026-03-07T15:01:00Z,0.719,APPROVE,3,retail,2,,122713.57
CASE_0675_20260301,CUST_985758,2026-03-01T13:06:00Z,0.912,APPROVE,1,private_banking,1,APPROVE,28485.1
CASE_0676_20260424,CUST_141280,2026-04-24T22:49:00Z,0.89,APPROVE,3,private_banking,4,APPROVE,48630.63
CASE_0677_20260509,CUST_356226,2026-05-09T02:18:00Z,0.944,APPROVE,1,retail,3,REJECT,116670.37
CASE_0678_20260530,CUST_748170,2026-05-30T02:44:00Z,0.862,APPROVE,3,retail,2,APPROVE,161185.97
CASE_0679_20260407,CUST_797891,2026-04-07T18:41:00Z,0.448,APPROVE,3,retail,1,,55015.14
CASE_0680_20260418,CUST_105373,2026-04-18T21:18:00Z,0.473,APPROVE,4,retail,1,APPROVE,160796.14
CASE_0681_20260309,CUST_506077,2026-03-09T20:47:00Z,0.852,APPROVE,3,retail,1,,201954.29
CASE_0682_20260417,CUST_689825,2026-04-17T08:34:00Z,0.874,APPROVE,3,retail,1,APPROVE,141052.01
CASE_0683_20260526,CUST_789374,2026-05-26T06:33:00Z,0.945,APPROVE,1,private_banking,1,APPROVE,48645.93
CASE_0684_20260405,CUST_252706,2026-04-05T06:14:00Z,0.431,APPROVE,4,retail,3,REJECT,216183.03
CASE_0685_20260504,CUST_946246,2026-05-04T16:58:00Z,0.826,APPROVE,3,retail,1,,149105.07
CASE_0686_20260315,CUST_981278,2026-03-15T13:28:00Z,0.937,EDD_REQUIRED,1,sme,1,EDD_REQUIRED,22538.98
CASE_0687_20260507,CUST_121017,2026-05-07T10:31:00Z,0.963,APPROVE,1,retail,1,REJECT,233811.74
CASE_0688_20260416,CUST_128299,2026-04-16T21:56:00Z,0.763,EDD_REQUIRED,3,retail,4,EDD_REQUIRED,13022.62
CASE_0689_20260521,CUST_439952,2026-05-21T22:02:00Z,0.502,APPROVE,4,retail,3,,38567.74
CASE_0690_20260320,CUST_100173,2026-03-20T05:27:00Z,0.829,APPROVE,3,sme,2,EDD_REQUIRED,120273.84
CASE_0691_20260504,CUST_105749,2026-05-04T14:53:00Z,0.743,APPROVE,3,retail,1,APPROVE,67356.17
CASE_0692_20260426,CUST_350489,2026-04-26T05:07:00Z,0.962,APPROVE,1,retail,1,EDD_REQUIRED,11789.08
CASE_0693_20260402,CUST_625278,2026-04-02T14:02:00Z,0.941,APPROVE,3,sme,2,,226056.77
CASE_0694_20260325,CUST_110834,2026-03-25T16:40:00Z,0.856,APPROVE,3,retail,1,,137065.81
CASE_0695_20260505,CUST_401132,2026-05-05T00:32:00Z,0.642,APPROVE,4,retail,4,EDD_REQUIRED,176871.79
CASE_0696_20260505,CUST_904392,2026-05-05T20:55:00Z,0.734,APPROVE,3,retail,1,,3915.47
CASE_0697_20260323,CUST_525998,2026-03-23T12:34:00Z,0.973,APPROVE,1,retail,3,,169084.66
CASE_0698_20260423,CUST_732953,2026-04-23T20:07:00Z,0.977,APPROVE,1,retail,1,APPROVE,145316.93
CASE_0699_20260421,CUST_296072,2026-04-21T05:43:00Z,0.657,APPROVE,5,private_banking,1,APPROVE,1419.65
CASE_0700_20260317,CUST_366671,2026-03-17T08:02:00Z,0.497,APPROVE,4,retail,4,APPROVE,37228.62
CASE_0701_20260327,CUST_419000,2026-03-27T09:39:00Z,0.813,APPROVE,2,retail,4,,208518.91
CASE_0702_20260516,CUST_593973,2026-05-16T12:13:00Z,0.749,APPROVE,2,retail,4,APPROVE,247086.18
CASE_0703_20260317,CUST_464440,2026-03-17T07:32:00Z,0.826,APPROVE,2,retail,2,APPROVE,190430.37
CASE_0704_20260413,CUST_153982,2026-04-13T18:38:00Z,0.89,APPROVE,3,sme,1,APPROVE,143249.74
CASE_0705_20260321,CUST_855766,2026-03-21T04:43:00Z,0.894,APPROVE,4,retail,3,,60956.35
CASE_0706_20260305,CUST_620680,2026-03-05T15:45:00Z,0.955,APPROVE,3,retail,3,REJECT,232253.14
CASE_0707_20260319,CUST_665611,2026-03-19T22:22:00Z,0.989,APPROVE,2,retail,3,APPROVE,129531.8
CASE_0708_20260511,CUST_827060,2026-05-11T12:02:00Z,0.61,APPROVE,4,retail,1,APPROVE,70763.99
CASE_0709_20260302,CUST_769199,2026-03-02T07:17:00Z,0.93,APPROVE,1,retail,2,EDD_REQUIRED,62765.77
CASE_0710_20260318,CUST_130270,2026-03-18T11:41:00Z,0.86,APPROVE,3,retail,3,APPROVE,159122.2
CASE_0711_20260407,CUST_857747,2026-04-07T08:11:00Z,0.949,APPROVE,1,retail,2,APPROVE,213647.57
CASE_0712_20260328,CUST_575914,2026-03-28T09:47:00Z,0.967,APPROVE,1,retail,3,APPROVE,109809.14
CASE_0713_20260428,CUST_100677,2026-04-28T15:57:00Z,0.411,APPROVE,5,retail,1,APPROVE,146629.45
CASE_0714_20260321,CUST_176507,2026-03-21T10:59:00Z,0.866,APPROVE,4,retail,3,,236734.26
CASE_0715_20260307,CUST_450073,2026-03-07T00:55:00Z,0.954,APPROVE,1,retail,1,,36480.48
CASE_0716_20260318,CUST_509167,2026-03-18T11:09:00Z,0.958,APPROVE,2,retail,3,EDD_REQUIRED,34300.18
CASE_0717_20260422,CUST_359990,2026-04-22T12:18:00Z,0.942,APPROVE,1,retail,4,APPROVE,247615.65
CASE_0718_20260312,CUST_162878,2026-03-12T06:19:00Z,0.909,REJECT,3,retail,2,,8989.43
CASE_0719_20260309,CUST_881177,2026-03-09T09:57:00Z,0.858,APPROVE,3,retail,3,APPROVE,5077.66
CASE_0720_20260401,CUST_592766,2026-04-01T01:08:00Z,0.904,EDD_REQUIRED,1,retail,4,,54939.73
CASE_0721_20260308,CUST_924950,2026-03-08T04:22:00Z,0.879,APPROVE,3,retail,3,,119546.63
CASE_0722_20260511,CUST_907093,2026-05-11T06:31:00Z,0.969,APPROVE,2,sme,1,,81496.39
CASE_0723_20260519,CUST_761445,2026-05-19T00:26:00Z,0.724,APPROVE,2,retail,3,APPROVE,86244.32
CASE_0724_20260525,CUST_298513,2026-05-25T05:03:00Z,0.868,REJECT,4,retail,1,REJECT,198570.62
CASE_0725_20260526,CUST_488685,2026-05-26T22:37:00Z,0.852,APPROVE,2,private_banking,2,,139440.88
CASE_0726_20260307,CUST_845101,2026-03-07T00:38:00Z,0.891,APPROVE,2,sme,2,APPROVE,14777.42
CASE_0727_20260307,CUST_156464,2026-03-07T20:30:00Z,0.948,APPROVE,1,retail,2,APPROVE,95685.64
CASE_0728_20260409,CUST_692862,2026-04-09T06:32:00Z,0.907,APPROVE,2,retail,3,,242143.91
CASE_0729_20260322,CUST_246107,2026-03-22T01:10:00Z,0.851,APPROVE,3,retail,4,APPROVE,193631.3
CASE_0730_20260410,CUST_687351,2026-04-10T18:01:00Z,0.895,APPROVE,4,private_banking,4,APPROVE,176870.71
CASE_0731_20260407,CUST_162387,2026-04-07T16:20:00Z,0.915,APPROVE,1,sme,1,APPROVE,191904.7
CASE_0732_20260507,CUST_844725,2026-05-07T05:50:00Z,0.864,APPROVE,3,retail,2,REJECT,32806.8
CASE_0733_20260410,CUST_389122,2026-04-10T09:32:00Z,0.427,APPROVE,5,retail,1,,177932.79
CASE_0734_20260302,CUST_794727,2026-03-02T08:59:00Z,0.863,REJECT,2,retail,1,REJECT,217623.26
CASE_0735_20260331,CUST_891848,2026-03-31T15:42:00Z,0.807,APPROVE,2,retail,2,,87609.21
CASE_0736_20260309,CUST_501692,2026-03-09T20:34:00Z,0.889,APPROVE,4,retail,3,APPROVE,155541.47
CASE_0737_20260327,CUST_296391,2026-03-27T12:52:00Z,0.963,APPROVE,1,retail,1,APPROVE,163947.56
CASE_0738_20260309,CUST_820231,2026-03-09T03:31:00Z,0.95,APPROVE,1,retail,1,EDD_REQUIRED,45902.14
CASE_0739_20260505,CUST_291668,2026-05-05T04:54:00Z,0.882,REJECT,3,retail,1,REJECT,49833.29
CASE_0740_20260402,CUST_801601,2026-04-02T07:13:00Z,0.632,APPROVE,5,retail,4,REJECT,183597.48
CASE_0741_20260312,CUST_686636,2026-03-12T10:35:00Z,0.926,APPROVE,2,retail,3,EDD_REQUIRED,2227.33
CASE_0742_20260326,CUST_299755,2026-03-26T22:41:00Z,0.966,APPROVE,2,retail,3,,135269.78
CASE_0743_20260514,CUST_689823,2026-05-14T03:33:00Z,0.615,APPROVE,5,retail,2,APPROVE,135271.87
CASE_0744_20260322,CUST_465705,2026-03-22T22:07:00Z,0.908,APPROVE,3,retail,4,EDD_REQUIRED,16242.32
CASE_0745_20260410,CUST_574093,2026-04-10T07:34:00Z,0.7,APPROVE,4,retail,1,APPROVE,89648.94
CASE_0746_20260502,CUST_781392,2026-05-02T16:52:00Z,0.632,APPROVE,3,sme,1,,232035.08
CASE_0747_20260306,CUST_427329,2026-03-06T20:49:00Z,0.782,APPROVE,3,private_banking,2,,166181.9
CASE_0748_20260310,CUST_705936,2026-03-10T11:51:00Z,0.901,APPROVE,1,private_banking,3,,10773.08
CASE_0749_20260328,CUST_258481,2026-03-28T12:13:00Z,0.97,APPROVE,1,retail,3,,126528.45
CASE_0750_20260303,CUST_960572,2026-03-03T12:07:00Z,0.868,APPROVE,3,sme,2,APPROVE,223390.3
CASE_0751_20260516,CUST_222797,2026-05-16T10:40:00Z,0.789,APPROVE,3,private_banking,3,APPROVE,96585.27
CASE_0752_20260427,CUST_326520,2026-04-27T04:04:00Z,0.87,APPROVE,3,retail,1,,38204.56
CASE_0753_20260306,CUST_148312,2026-03-06T09:52:00Z,0.879,APPROVE,3,retail,1,,28121.67
CASE_0754_20260322,CUST_764144,2026-03-22T10:25:00Z,0.874,APPROVE,4,retail,2,,33763.52
CASE_0755_20260423,CUST_219938,2026-04-23T05:53:00Z,0.892,APPROVE,3,retail,4,APPROVE,153694.38
CASE_0756_20260324,CUST_460565,2026-03-24T03:33:00Z,0.474,APPROVE,3,retail,1,APPROVE,145607.49
CASE_0757_20260401,CUST_504744,2026-04-01T07:39:00Z,0.856,APPROVE,2,retail,2,APPROVE,234894.86
CASE_0758_20260422,CUST_974887,2026-04-22T13:56:00Z,0.919,APPROVE,2,retail,1,APPROVE,217600.21
CASE_0759_20260305,CUST_457665,2026-03-05T14:16:00Z,0.931,EDD_REQUIRED,1,retail,1,,57359.49
CASE_0760_20260515,CUST_997611,2026-05-15T06:47:00Z,0.78,APPROVE,3,sme,3,APPROVE,247829.95
CASE_0761_20260405,CUST_730002,2026-04-05T19:29:00Z,0.985,APPROVE,1,retail,2,,103735.98
CASE_0762_20260501,CUST_149832,2026-05-01T09:51:00Z,0.609,APPROVE,5,retail,3,,82083.22
CASE_0763_20260314,CUST_555505,2026-03-14T04:43:00Z,0.646,APPROVE,5,retail,1,APPROVE,83142.34
CASE_0764_20260314,CUST_202748,2026-03-14T16:22:00Z,0.979,APPROVE,1,retail,2,,111293.84
CASE_0765_20260519,CUST_610824,2026-05-19T08:51:00Z,0.789,APPROVE,3,retail,2,,91637.47
CASE_0766_20260416,CUST_398973,2026-04-16T07:39:00Z,0.975,APPROVE,2,private_banking,4,APPROVE,203971.33
CASE_0767_20260529,CUST_538683,2026-05-29T18:13:00Z,0.987,APPROVE,1,private_banking,2,,62403.07
CASE_0768_20260530,CUST_826392,2026-05-30T01:32:00Z,0.69,APPROVE,4,retail,4,APPROVE,204523.63
CASE_0769_20260505,CUST_161798,2026-05-05T03:43:00Z,0.59,APPROVE,5,private_banking,4,EDD_REQUIRED,146610.36
CASE_0770_20260503,CUST_589001,2026-05-03T13:13:00Z,0.669,APPROVE,3,private_banking,2,APPROVE,66543.95
CASE_0771_20260502,CUST_597268,2026-05-02T12:46:00Z,0.952,APPROVE,2,retail,1,,116781.7
CASE_0772_20260404,CUST_791740,2026-04-04T23:36:00Z,0.871,APPROVE,3,private_banking,1,APPROVE,248349.45
CASE_0773_20260414,CUST_601638,2026-04-14T22:50:00Z,0.873,EDD_REQUIRED,3,retail,3,EDD_REQUIRED,121029.99
CASE_0774_20260428,CUST_781565,2026-04-28T16:33:00Z,0.916,APPROVE,1,private_banking,1,REJECT,94316.05
CASE_0775_20260307,CUST_810165,2026-03-07T05:13:00Z,0.842,APPROVE,2,retail,4,APPROVE,82443.48
CASE_0776_20260311,CUST_706656,2026-03-11T19:40:00Z,0.629,APPROVE,4,private_banking,2,,169161.09
CASE_0777_20260324,CUST_373952,2026-03-24T21:16:00Z,0.901,APPROVE,1,retail,1,,231886.01
CASE_0778_20260330,CUST_843835,2026-03-30T17:37:00Z,0.793,APPROVE,3,retail,3,APPROVE,203319.23
CASE_0779_20260526,CUST_219310,2026-05-26T04:07:00Z,0.682,APPROVE,5,retail,2,,203944.64
CASE_0780_20260325,CUST_337611,2026-03-25T23:54:00Z,0.737,REJECT,4,sme,2,,21244.03
CASE_0781_20260309,CUST_441533,2026-03-09T03:31:00Z,0.985,APPROVE,1,retail,3,,146915.21
CASE_0782_20260321,CUST_649265,2026-03-21T01:55:00Z,0.85,APPROVE,2,retail,1,,114418.48
CASE_0783_20260426,CUST_842677,2026-04-26T11:22:00Z,0.911,APPROVE,2,retail,1,APPROVE,203563.81
CASE_0784_20260319,CUST_950011,2026-03-19T03:48:00Z,0.969,EDD_REQUIRED,3,retail,1,APPROVE,85847.79
CASE_0785_20260313,CUST_668654,2026-03-13T05:01:00Z,0.901,APPROVE,1,retail,4,REJECT,20341.5
CASE_0786_20260407,CUST_860087,2026-04-07T02:21:00Z,0.901,APPROVE,2,retail,2,,54253.48
CASE_0787_20260506,CUST_607740,2026-05-06T16:55:00Z,0.95,APPROVE,1,private_banking,1,REJECT,141916.64
CASE_0788_20260311,CUST_725506,2026-03-11T11:58:00Z,0.932,APPROVE,3,retail,3,EDD_REQUIRED,93378.19
CASE_0789_20260411,CUST_753959,2026-04-11T13:58:00Z,0.969,APPROVE,2,retail,1,APPROVE,62372.57
CASE_0790_20260305,CUST_463469,2026-03-05T09:09:00Z,0.856,APPROVE,3,private_banking,1,,86164.53
CASE_0791_20260518,CUST_269634,2026-05-18T02:42:00Z,0.75,APPROVE,4,retail,2,REJECT,118074.87
CASE_0792_20260404,CUST_330779,2026-04-04T09:06:00Z,0.689,APPROVE,3,retail,1,APPROVE,74562.19
CASE_0793_20260307,CUST_179705,2026-03-07T18:25:00Z,0.533,EDD_REQUIRED,5,retail,1,,204187.81
CASE_0794_20260509,CUST_945998,2026-05-09T00:15:00Z,0.959,APPROVE,1,retail,3,,169574.07
CASE_0795_20260515,CUST_664712,2026-05-15T11:48:00Z,0.949,APPROVE,1,retail,1,APPROVE,120249.14
CASE_0796_20260330,CUST_935208,2026-03-30T07:05:00Z,0.99,APPROVE,1,retail,3,,9534.53
CASE_0797_20260319,CUST_413568,2026-03-19T20:34:00Z,0.904,APPROVE,2,retail,1,APPROVE,153957.74
CASE_0798_20260514,CUST_461357,2026-05-14T15:49:00Z,0.911,APPROVE,1,private_banking,2,APPROVE,82919.52
CASE_0799_20260304,CUST_176671,2026-03-04T20:55:00Z,0.9,APPROVE,3,retail,2,APPROVE,87379.94
CASE_0800_20260412,CUST_504789,2026-04-12T11:19:00Z,0.955,APPROVE,1,retail,1,APPROVE,114372.16
CASE_0801_20260327,CUST_399265,2026-03-27T01:31:00Z,0.735,APPROVE,4,retail,1,,6614.85
CASE_0802_20260330,CUST_778013,2026-03-30T03:00:00Z,0.798,APPROVE,3,retail,4,EDD_REQUIRED,234120.08
CASE_0803_20260301,CUST_948111,2026-03-01T23:40:00Z,0.939,APPROVE,2,private_banking,3,APPROVE,118485.29
CASE_0804_20260301,CUST_512484,2026-03-01T11:51:00Z,0.961,APPROVE,2,sme,1,APPROVE,207250.47
CASE_0805_20260503,CUST_204576,2026-05-03T20:42:00Z,0.888,APPROVE,2,retail,3,APPROVE,38620.85
CASE_0806_20260406,CUST_469740,2026-04-06T18:00:00Z,0.676,APPROVE,5,retail,2,REJECT,21996.37
CASE_0807_20260516,CUST_339168,2026-05-16T08:12:00Z,0.906,APPROVE,1,private_banking,4,APPROVE,218228.06
CASE_0808_20260319,CUST_891818,2026-03-19T14:16:00Z,0.489,APPROVE,4,private_banking,4,,30638.12
CASE_0809_20260323,CUST_485683,2026-03-23T21:28:00Z,0.692,APPROVE,5,retail,3,APPROVE,124191.84
CASE_0810_20260331,CUST_358943,2026-03-31T01:15:00Z,0.859,APPROVE,3,sme,1,APPROVE,65882.4
CASE_0811_20260405,CUST_628009,2026-04-05T15:07:00Z,0.968,APPROVE,1,sme,3,APPROVE,191045.35
CASE_0812_20260316,CUST_261886,2026-03-16T07:54:00Z,0.94,APPROVE,1,retail,3,APPROVE,25616.73
CASE_0813_20260403,CUST_493827,2026-04-03T05:47:00Z,0.932,APPROVE,2,retail,1,APPROVE,13814.7
CASE_0814_20260422,CUST_291592,2026-04-22T11:59:00Z,0.901,APPROVE,1,retail,2,,44064.17
CASE_0815_20260312,CUST_648491,2026-03-12T21:08:00Z,0.868,APPROVE,4,sme,3,,40340.31
CASE_0816_20260324,CUST_639982,2026-03-24T07:15:00Z,0.693,APPROVE,3,retail,1,,139602.01
CASE_0817_20260408,CUST_800894,2026-04-08T03:29:00Z,0.977,APPROVE,1,retail,1,,93869.54
CASE_0818_20260525,CUST_827334,2026-05-25T17:24:00Z,0.8,APPROVE,2,retail,2,APPROVE,32699.26
CASE_0819_20260314,CUST_298029,2026-03-14T05:49:00Z,0.869,APPROVE,3,retail,3,APPROVE,59822.58
CASE_0820_20260523,CUST_666141,2026-05-23T19:49:00Z,0.864,APPROVE,2,retail,4,,164812.81
CASE_0821_20260507,CUST_691819,2026-05-07T19:48:00Z,0.877,APPROVE,4,private_banking,2,APPROVE,48596.59
CASE_0822_20260506,CUST_929577,2026-05-06T09:55:00Z,0.957,APPROVE,2,sme,3,APPROVE,944.52
CASE_0823_20260507,CUST_958973,2026-05-07T16:12:00Z,0.922,APPROVE,1,sme,1,APPROVE,183647.35
CASE_0824_20260326,CUST_336411,2026-03-26T05:32:00Z,0.983,APPROVE,1,retail,1,REJECT,245412.43
CASE_0825_20260507,CUST_827003,2026-05-07T00:50:00Z,0.874,APPROVE,3,retail,3,APPROVE,4878.78
CASE_0826_20260412,CUST_638875,2026-04-12T07:59:00Z,0.579,APPROVE,4,retail,1,APPROVE,34162.64
CASE_0827_20260405,CUST_817681,2026-04-05T02:48:00Z,0.541,APPROVE,3,retail,1,,183593.45
CASE_0828_20260426,CUST_762618,2026-04-26T22:08:00Z,0.937,APPROVE,1,retail,1,APPROVE,2338.76
CASE_0829_20260522,CUST_697744,2026-05-22T07:53:00Z,0.943,APPROVE,1,retail,1,APPROVE,208700.57
CASE_0830_20260524,CUST_393501,2026-05-24T07:12:00Z,0.975,APPROVE,1,sme,3,APPROVE,159484.62
CASE_0831_20260330,CUST_719329,2026-03-30T14:13:00Z,0.921,APPROVE,1,retail,1,,219186.62
CASE_0832_20260428,CUST_244045,2026-04-28T13:13:00Z,0.889,APPROVE,3,retail,2,APPROVE,161732.71
CASE_0833_20260529,CUST_192790,2026-05-29T16:47:00Z,0.832,APPROVE,2,retail,1,APPROVE,2166.32
CASE_0834_20260410,CUST_222267,2026-04-10T21:55:00Z,0.939,APPROVE,2,private_banking,1,APPROVE,41440.08
CASE_0835_20260303,CUST_289370,2026-03-03T09:34:00Z,0.87,EDD_REQUIRED,3,retail,3,EDD_REQUIRED,157817.51
CASE_0836_20260513,CUST_189777,2026-05-13T09:41:00Z,0.645,APPROVE,5,sme,1,APPROVE,184548.76
CASE_0837_20260520,CUST_510463,2026-05-20T01:55:00Z,0.99,APPROVE,2,private_banking,1,APPROVE,153574.71
CASE_0838_20260308,CUST_307330,2026-03-08T04:23:00Z,0.951,APPROVE,1,sme,4,,74959.35
CASE_0839_20260314,CUST_784655,2026-03-14T17:47:00Z,0.798,APPROVE,3,retail,2,,80919.5
CASE_0840_20260304,CUST_283874,2026-03-04T23:43:00Z,0.601,APPROVE,4,retail,2,APPROVE,92872.58
CASE_0841_20260319,CUST_329613,2026-03-19T09:48:00Z,0.964,APPROVE,2,retail,1,APPROVE,159485.35
CASE_0842_20260422,CUST_913558,2026-04-22T10:44:00Z,0.932,APPROVE,1,sme,1,APPROVE,203094.21
CASE_0843_20260518,CUST_548207,2026-05-18T18:20:00Z,0.897,APPROVE,3,sme,2,APPROVE,10108.44
CASE_0844_20260309,CUST_940050,2026-03-09T08:20:00Z,0.905,APPROVE,1,private_banking,1,APPROVE,22350.24
CASE_0845_20260327,CUST_473687,2026-03-27T20:07:00Z,0.966,APPROVE,1,sme,1,APPROVE,148671.48
CASE_0846_20260515,CUST_635524,2026-05-15T11:53:00Z,0.672,EDD_REQUIRED,4,retail,4,EDD_REQUIRED,14870.8
CASE_0847_20260308,CUST_501123,2026-03-08T13:07:00Z,0.963,APPROVE,3,private_banking,2,APPROVE,94563.37
CASE_0848_20260317,CUST_830400,2026-03-17T11:48:00Z,0.987,APPROVE,2,sme,1,,73226.34
CASE_0849_20260511,CUST_809844,2026-05-11T01:25:00Z,0.902,APPROVE,1,sme,2,APPROVE,245527.92
CASE_0850_20260325,CUST_524513,2026-03-25T04:15:00Z,0.972,APPROVE,1,retail,1,,158762.54
CASE_0851_20260302,CUST_709025,2026-03-02T19:32:00Z,0.932,APPROVE,1,private_banking,2,,164129.42
CASE_0852_20260510,CUST_647319,2026-05-10T20:14:00Z,0.812,APPROVE,3,retail,1,,203204.9
CASE_0853_20260318,CUST_610262,2026-03-18T19:50:00Z,0.947,APPROVE,1,retail,2,,6231.07
CASE_0854_20260519,CUST_168526,2026-05-19T20:51:00Z,0.932,APPROVE,1,retail,2,,118706.3
CASE_0855_20260518,CUST_110056,2026-05-18T21:25:00Z,0.938,APPROVE,2,retail,3,APPROVE,63892.55
CASE_0856_20260416,CUST_742022,2026-04-16T09:33:00Z,0.924,APPROVE,2,retail,3,APPROVE,59977.99
CASE_0857_20260428,CUST_559869,2026-04-28T02:28:00Z,0.899,APPROVE,4,sme,2,APPROVE,193807.8
CASE_0858_20260506,CUST_549776,2026-05-06T04:53:00Z,0.851,APPROVE,3,retail,2,APPROVE,12914.18
CASE_0859_20260401,CUST_504049,2026-04-01T14:17:00Z,0.957,APPROVE,1,retail,2,APPROVE,106991.15
CASE_0860_20260510,CUST_733682,2026-05-10T12:40:00Z,0.833,APPROVE,3,retail,3,,240571.45
CASE_0861_20260315,CUST_843931,2026-03-15T20:37:00Z,0.817,APPROVE,4,retail,4,EDD_REQUIRED,69918.07
CASE_0862_20260424,CUST_305780,2026-04-24T09:42:00Z,0.98,APPROVE,2,sme,1,APPROVE,155174.8
CASE_0863_20260508,CUST_284099,2026-05-08T06:18:00Z,0.984,APPROVE,2,retail,2,,43708.47
CASE_0864_20260519,CUST_172726,2026-05-19T21:38:00Z,0.872,APPROVE,2,retail,2,APPROVE,103838.84
CASE_0865_20260403,CUST_889957,2026-04-03T23:08:00Z,0.865,APPROVE,2,retail,4,,143842.07
CASE_0866_20260416,CUST_183425,2026-04-16T22:01:00Z,0.963,APPROVE,1,retail,4,APPROVE,168701.16
CASE_0867_20260315,CUST_775449,2026-03-15T13:09:00Z,0.935,APPROVE,1,retail,1,,61780.7
CASE_0868_20260521,CUST_688491,2026-05-21T15:53:00Z,0.62,APPROVE,3,sme,1,APPROVE,113705.23
CASE_0869_20260316,CUST_251898,2026-03-16T05:36:00Z,0.94,APPROVE,1,retail,1,APPROVE,155474.73
CASE_0870_20260420,CUST_913667,2026-04-20T03:46:00Z,0.96,APPROVE,1,retail,4,APPROVE,224158.03
CASE_0871_20260421,CUST_884922,2026-04-21T01:07:00Z,0.88,APPROVE,3,retail,1,APPROVE,215846.94
CASE_0872_20260425,CUST_122564,2026-04-25T14:06:00Z,0.872,APPROVE,3,retail,2,APPROVE,13290.12
CASE_0873_20260527,CUST_934717,2026-05-27T03:10:00Z,0.878,APPROVE,3,sme,3,APPROVE,87675.36
CASE_0874_20260311,CUST_831065,2026-03-11T22:57:00Z,0.939,APPROVE,1,retail,1,APPROVE,203054.05
CASE_0875_20260313,CUST_209034,2026-03-13T21:20:00Z,0.797,APPROVE,3,sme,2,APPROVE,221311.07
CASE_0876_20260401,CUST_559145,2026-04-01T01:02:00Z,0.765,APPROVE,2,retail,2,,176779.83
CASE_0877_20260326,CUST_723033,2026-03-26T20:27:00Z,0.989,APPROVE,1,sme,2,APPROVE,170984.17
CASE_0878_20260424,CUST_816068,2026-04-24T10:06:00Z,0.922,APPROVE,1,retail,3,,89895.92
CASE_0879_20260403,CUST_905381,2026-04-03T23:52:00Z,0.569,APPROVE,5,retail,1,APPROVE,99714.94
CASE_0880_20260401,CUST_186633,2026-04-01T19:59:00Z,0.95,APPROVE,2,retail,3,,154466.43
CASE_0881_20260424,CUST_216080,2026-04-24T11:13:00Z,0.911,EDD_REQUIRED,1,retail,1,,200665.22
CASE_0882_20260312,CUST_546834,2026-03-12T08:06:00Z,0.954,APPROVE,3,retail,3,,60132.17
CASE_0883_20260426,CUST_583451,2026-04-26T15:40:00Z,0.861,APPROVE,3,retail,1,REJECT,48937.38
CASE_0884_20260516,CUST_443174,2026-05-16T11:53:00Z,0.969,EDD_REQUIRED,2,retail,2,EDD_REQUIRED,237897.09
CASE_0885_20260412,CUST_460772,2026-04-12T09:59:00Z,0.915,APPROVE,1,retail,4,,28209.77
CASE_0886_20260429,CUST_120896,2026-04-29T06:45:00Z,0.66,APPROVE,4,retail,3,,67268.99
CASE_0887_20260414,CUST_370293,2026-04-14T08:59:00Z,0.969,APPROVE,1,retail,1,,150329.46
CASE_0888_20260319,CUST_729651,2026-03-19T05:13:00Z,0.764,APPROVE,2,retail,1,,120747.73
CASE_0889_20260501,CUST_858808,2026-05-01T06:02:00Z,0.901,APPROVE,1,sme,3,APPROVE,135904.84
CASE_0890_20260415,CUST_347066,2026-04-15T02:33:00Z,0.979,APPROVE,2,retail,1,APPROVE,215558.75
CASE_0891_20260508,CUST_564894,2026-05-08T17:15:00Z,0.959,APPROVE,1,retail,3,APPROVE,91974.3
CASE_0892_20260313,CUST_677092,2026-03-13T12:52:00Z,0.957,APPROVE,1,sme,1,APPROVE,174643.96
CASE_0893_20260510,CUST_642523,2026-05-10T04:37:00Z,0.868,APPROVE,2,private_banking,2,REJECT,4668.14
CASE_0894_20260318,CUST_125420,2026-03-18T10:30:00Z,0.916,REJECT,2,retail,2,APPROVE,118858.66
CASE_0895_20260320,CUST_705413,2026-03-20T01:43:00Z,0.64,EDD_REQUIRED,5,retail,2,,1304.98
CASE_0896_20260516,CUST_401680,2026-05-16T12:27:00Z,0.869,APPROVE,4,retail,1,APPROVE,27118.49
CASE_0897_20260430,CUST_819721,2026-04-30T15:18:00Z,0.81,APPROVE,3,retail,3,,170387.16
CASE_0898_20260524,CUST_285681,2026-05-24T14:04:00Z,0.97,APPROVE,2,retail,2,EDD_REQUIRED,130871.91
CASE_0899_20260503,CUST_951354,2026-05-03T14:55:00Z,0.928,EDD_REQUIRED,2,private_banking,3,,71716.96
CASE_0900_20260530,CUST_265785,2026-05-30T12:24:00Z,0.896,APPROVE,3,retail,1,EDD_REQUIRED,221440.52
CASE_0901_20260302,CUST_138462,2026-03-02T16:55:00Z,0.906,APPROVE,1,retail,3,APPROVE,180793.96
CASE_0902_20260509,CUST_196167,2026-05-09T23:02:00Z,0.717,APPROVE,3,retail,2,,29338.68
CASE_0903_20260320,CUST_164309,2026-03-20T02:50:00Z,0.883,APPROVE,2,sme,1,APPROVE,47895.77
CASE_0904_20260523,CUST_249201,2026-05-23T01:53:00Z,0.928,APPROVE,2,retail,1,EDD_REQUIRED,80445.08
CASE_0905_20260314,CUST_702119,2026-03-14T00:52:00Z,0.946,APPROVE,2,retail,3,EDD_REQUIRED,181414.76
CASE_0906_20260521,CUST_338188,2026-05-21T22:53:00Z,0.988,APPROVE,1,retail,3,,195032.17
CASE_0907_20260505,CUST_672594,2026-05-05T16:24:00Z,0.929,APPROVE,1,retail,3,,41946.85
CASE_0908_20260529,CUST_738265,2026-05-29T09:25:00Z,0.825,APPROVE,4,retail,1,APPROVE,75678.2
CASE_0909_20260402,CUST_586168,2026-04-02T01:12:00Z,0.935,APPROVE,1,sme,2,APPROVE,181976.52
CASE_0910_20260522,CUST_951578,2026-05-22T02:36:00Z,0.952,APPROVE,1,retail,2,APPROVE,199255.89
CASE_0911_20260526,CUST_488028,2026-05-26T08:28:00Z,0.533,APPROVE,5,retail,1,APPROVE,163239.59
CASE_0912_20260417,CUST_493749,2026-04-17T09:22:00Z,0.896,APPROVE,3,sme,3,,73533.73
CASE_0913_20260326,CUST_460317,2026-03-26T05:36:00Z,0.886,APPROVE,2,retail,2,APPROVE,31258.48
CASE_0914_20260330,CUST_418151,2026-03-30T17:12:00Z,0.954,APPROVE,2,private_banking,3,APPROVE,113501.17
CASE_0915_20260507,CUST_857676,2026-05-07T08:06:00Z,0.948,APPROVE,1,retail,2,,160461.11
CASE_0916_20260303,CUST_616184,2026-03-03T03:07:00Z,0.751,APPROVE,3,retail,4,APPROVE,214997.08
CASE_0917_20260503,CUST_248702,2026-05-03T06:05:00Z,0.862,APPROVE,3,private_banking,4,APPROVE,79365.86
CASE_0918_20260309,CUST_710119,2026-03-09T17:20:00Z,0.858,APPROVE,4,private_banking,2,APPROVE,114384.0
CASE_0919_20260320,CUST_174621,2026-03-20T06:06:00Z,0.98,APPROVE,1,retail,4,,173278.43
CASE_0920_20260303,CUST_557511,2026-03-03T08:50:00Z,0.692,APPROVE,4,retail,2,APPROVE,102864.7
CASE_0921_20260518,CUST_892830,2026-05-18T16:39:00Z,0.643,EDD_REQUIRED,5,retail,4,EDD_REQUIRED,204565.92
CASE_0922_20260407,CUST_634753,2026-04-07T10:49:00Z,0.857,APPROVE,3,private_banking,4,EDD_REQUIRED,154460.02
CASE_0923_20260417,CUST_259036,2026-04-17T21:53:00Z,0.903,APPROVE,3,retail,2,,217960.76
CASE_0924_20260510,CUST_831239,2026-05-10T00:47:00Z,0.527,APPROVE,4,sme,1,,235695.9
CASE_0925_20260507,CUST_438351,2026-05-07T19:25:00Z,0.878,APPROVE,3,sme,1,APPROVE,194719.61
CASE_0926_20260509,CUST_206689,2026-05-09T23:05:00Z,0.969,APPROVE,1,retail,1,APPROVE,86341.81
CASE_0927_20260406,CUST_662864,2026-04-06T13:54:00Z,0.966,APPROVE,1,private_banking,3,APPROVE,176534.4
CASE_0928_20260313,CUST_565353,2026-03-13T10:41:00Z,0.904,APPROVE,1,retail,2,APPROVE,201151.47
CASE_0929_20260501,CUST_844054,2026-05-01T22:46:00Z,0.886,APPROVE,2,private_banking,1,APPROVE,150089.15
CASE_0930_20260305,CUST_476602,2026-03-05T20:46:00Z,0.911,APPROVE,1,retail,1,,48278.02
CASE_0931_20260415,CUST_443012,2026-04-15T22:28:00Z,0.927,APPROVE,1,retail,2,,96744.85
CASE_0932_20260323,CUST_270574,2026-03-23T23:28:00Z,0.956,APPROVE,3,retail,2,APPROVE,241827.47
CASE_0933_20260311,CUST_167037,2026-03-11T12:14:00Z,0.728,APPROVE,3,retail,1,,9257.58
CASE_0934_20260326,CUST_160631,2026-03-26T22:00:00Z,0.894,APPROVE,4,private_banking,3,,221051.39
CASE_0935_20260328,CUST_321092,2026-03-28T05:05:00Z,0.786,REJECT,4,private_banking,3,REJECT,89870.52
CASE_0936_20260325,CUST_275181,2026-03-25T21:11:00Z,0.975,APPROVE,1,retail,3,APPROVE,169161.45
CASE_0937_20260326,CUST_694228,2026-03-26T11:03:00Z,0.949,APPROVE,1,sme,2,REJECT,51811.62
CASE_0938_20260408,CUST_637629,2026-04-08T06:19:00Z,0.733,APPROVE,3,retail,2,APPROVE,248800.43
CASE_0939_20260526,CUST_853314,2026-05-26T02:21:00Z,0.401,APPROVE,5,retail,1,EDD_REQUIRED,155124.1
CASE_0940_20260315,CUST_381476,2026-03-15T17:57:00Z,0.759,APPROVE,3,private_banking,2,APPROVE,66614.03
CASE_0941_20260508,CUST_175609,2026-05-08T09:42:00Z,0.913,APPROVE,1,retail,2,,97553.04
CASE_0942_20260331,CUST_672371,2026-03-31T18:17:00Z,0.961,APPROVE,2,sme,3,APPROVE,189966.21
CASE_0943_20260327,CUST_368482,2026-03-27T02:26:00Z,0.627,APPROVE,4,retail,2,,35748.37
CASE_0944_20260407,CUST_589537,2026-04-07T07:05:00Z,0.876,APPROVE,4,retail,3,APPROVE,161293.95
CASE_0945_20260331,CUST_833396,2026-03-31T13:57:00Z,0.984,EDD_REQUIRED,1,retail,3,EDD_REQUIRED,184449.74
CASE_0946_20260503,CUST_670953,2026-05-03T09:19:00Z,0.918,APPROVE,1,private_banking,1,APPROVE,224078.39
CASE_0947_20260308,CUST_812167,2026-03-08T20:46:00Z,0.981,APPROVE,2,retail,3,APPROVE,117841.41
CASE_0948_20260424,CUST_169154,2026-04-24T18:52:00Z,0.892,APPROVE,3,retail,1,,91496.81
CASE_0949_20260401,CUST_994088,2026-04-01T22:16:00Z,0.889,APPROVE,2,retail,2,EDD_REQUIRED,152470.95
CASE_0950_20260506,CUST_524989,2026-05-06T16:58:00Z,0.973,APPROVE,1,retail,2,,61415.76
CASE_0951_20260301,CUST_518578,2026-03-01T20:44:00Z,0.919,APPROVE,1,sme,2,REJECT,36801.29
CASE_0952_20260317,CUST_230460,2026-03-17T05:42:00Z,0.879,APPROVE,3,retail,4,REJECT,17057.44
CASE_0953_20260405,CUST_546312,2026-04-05T19:51:00Z,0.641,APPROVE,5,retail,3,,170596.46
CASE_0954_20260313,CUST_718590,2026-03-13T20:33:00Z,0.851,APPROVE,4,retail,1,APPROVE,142750.36
CASE_0955_20260508,CUST_137280,2026-05-08T21:35:00Z,0.695,APPROVE,4,retail,3,,95176.7
CASE_0956_20260308,CUST_634370,2026-03-08T10:36:00Z,0.952,APPROVE,2,retail,3,APPROVE,7327.7
CASE_0957_20260508,CUST_101576,2026-05-08T01:07:00Z,0.761,APPROVE,2,private_banking,1,APPROVE,41942.97
CASE_0958_20260526,CUST_546973,2026-05-26T00:22:00Z,0.723,APPROVE,2,retail,4,APPROVE,191834.71
CASE_0959_20260402,CUST_469249,2026-04-02T08:30:00Z,0.861,APPROVE,3,retail,4,APPROVE,178675.38
CASE_0960_20260429,CUST_706908,2026-04-29T14:28:00Z,0.6,APPROVE,5,private_banking,1,REJECT,195317.2
CASE_0961_20260516,CUST_537094,2026-05-16T14:51:00Z,0.43,APPROVE,5,retail,2,REJECT,158043.97
CASE_0962_20260326,CUST_186747,2026-03-26T19:39:00Z,0.631,APPROVE,4,private_banking,4,EDD_REQUIRED,35736.9
CASE_0963_20260308,CUST_200729,2026-03-08T00:41:00Z,0.763,APPROVE,2,retail,4,EDD_REQUIRED,143552.44
CASE_0964_20260507,CUST_488495,2026-05-07T14:56:00Z,0.868,EDD_REQUIRED,4,private_banking,4,EDD_REQUIRED,217719.85
CASE_0965_20260410,CUST_952295,2026-04-10T21:29:00Z,0.754,APPROVE,4,retail,2,APPROVE,137646.61
CASE_0966_20260519,CUST_657541,2026-05-19T09:00:00Z,0.88,APPROVE,2,retail,1,APPROVE,72474.87
CASE_0967_20260329,CUST_501837,2026-03-29T07:37:00Z,0.901,APPROVE,1,retail,3,,230969.39
CASE_0968_20260327,CUST_476305,2026-03-27T23:40:00Z,0.537,APPROVE,5,retail,1,,180968.51
CASE_0969_20260512,CUST_375134,2026-05-12T23:53:00Z,0.871,APPROVE,3,retail,1,APPROVE,184693.04
CASE_0970_20260302,CUST_781785,2026-03-02T15:02:00Z,0.927,APPROVE,1,retail,2,,194296.23
CASE_0971_20260401,CUST_303879,2026-04-01T16:10:00Z,0.713,APPROVE,3,retail,4,EDD_REQUIRED,105515.01
CASE_0972_20260319,CUST_489390,2026-03-19T06:00:00Z,0.852,APPROVE,3,retail,1,APPROVE,154127.86
CASE_0973_20260427,CUST_696656,2026-04-27T02:47:00Z,0.889,APPROVE,3,retail,3,,102927.46
CASE_0974_20260414,CUST_305940,2026-04-14T09:27:00Z,0.977,APPROVE,2,retail,2,APPROVE,198032.52
CASE_0975_20260517,CUST_411620,2026-05-17T09:01:00Z,0.71,APPROVE,2,retail,1,APPROVE,19845.58
CASE_0976_20260330,CUST_266293,2026-03-30T21:49:00Z,0.978,APPROVE,2,retail,4,,130261.03
CASE_0977_20260410,CUST_869238,2026-04-10T09:58:00Z,0.907,APPROVE,1,retail,2,APPROVE,156771.63
CASE_0978_20260312,CUST_593455,2026-03-12T02:37:00Z,0.504,APPROVE,5,private_banking,3,REJECT,136489.96
CASE_0979_20260511,CUST_429582,2026-05-11T21:51:00Z,0.977,APPROVE,3,retail,1,EDD_REQUIRED,168060.37
CASE_0980_20260512,CUST_842110,2026-05-12T14:51:00Z,0.97,APPROVE,1,sme,2,APPROVE,234497.48
CASE_0981_20260302,CUST_629629,2026-03-02T00:20:00Z,0.914,APPROVE,1,retail,4,,69274.35
CASE_0982_20260520,CUST_137725,2026-05-20T00:40:00Z,0.434,APPROVE,3,private_banking,1,APPROVE,135448.23
CASE_0983_20260425,CUST_262927,2026-04-25T06:58:00Z,0.786,APPROVE,4,private_banking,4,,63642.59
CASE_0984_20260513,CUST_950504,2026-05-13T18:12:00Z,0.922,APPROVE,1,retail,4,APPROVE,192849.04
CASE_0985_20260514,CUST_465578,2026-05-14T08:18:00Z,0.604,APPROVE,4,retail,2,REJECT,36146.76
CASE_0986_20260515,CUST_927170,2026-05-15T14:10:00Z,0.708,APPROVE,2,private_banking,3,APPROVE,42141.22
CASE_0987_20260412,CUST_446533,2026-04-12T01:34:00Z,0.966,APPROVE,1,retail,1,,24425.46
CASE_0988_20260410,CUST_639014,2026-04-10T02:57:00Z,0.915,APPROVE,1,retail,3,,159368.66
CASE_0989_20260311,CUST_321286,2026-03-11T19:50:00Z,0.939,APPROVE,3,retail,1,APPROVE,239145.01
CASE_0990_20260326,CUST_184630,2026-03-26T13:19:00Z,0.882,APPROVE,3,retail,4,APPROVE,178244.44
CASE_0991_20260416,CUST_762056,2026-04-16T07:11:00Z,0.504,APPROVE,5,retail,3,APPROVE,56809.71
CASE_0992_20260406,CUST_819995,2026-04-06T00:37:00Z,0.885,APPROVE,3,retail,2,REJECT,231239.69
CASE_0993_20260429,CUST_804523,2026-04-29T23:52:00Z,0.741,EDD_REQUIRED,4,retail,1,,183247.15
CASE_0994_20260421,CUST_359646,2026-04-21T19:25:00Z,0.95,APPROVE,2,retail,3,APPROVE,171046.81
CASE_0995_20260328,CUST_179498,2026-03-28T09:00:00Z,0.677,EDD_REQUIRED,5,sme,1,APPROVE,248624.21
CASE_0996_20260312,CUST_224441,2026-03-12T06:34:00Z,0.949,APPROVE,1,private_banking,3,REJECT,201026.15
CASE_0997_20260515,CUST_557105,2026-05-15T13:51:00Z,0.955,APPROVE,3,sme,4,,44479.56
CASE_0998_20260522,CUST_885798,2026-05-22T02:00:00Z,0.926,APPROVE,1,retail,2,APPROVE,221604.09
CASE_0999_20260405,CUST_417294,2026-04-05T02:05:00Z,0.891,APPROVE,3,retail,3,APPROVE,33146.69
CASE_1000_20260407,CUST_821703,2026-04-07T14:12:00Z,0.803,APPROVE,2,retail,1,APPROVE,101393.64
