case_id,reviewer_id,decision,time_to_decision_sec,agreed_with_ai,review_completed_at
CASE_0001_20260511,REV_09,APPROVE,54.6,True,2026-05-11T22:21:00Z
CASE_0002_20260314,REV_07,APPROVE,3.6,True,2026-03-15T06:55:00Z
CASE_0003_20260320,REV_09,APPROVE,50.1,True,2026-03-21T05:06:00Z
CASE_0004_20260316,REV_06,APPROVE,27.0,True,2026-03-17T01:21:00Z
CASE_0005_20260319,REV_05,APPROVE,6.2,True,2026-03-20T07:21:00Z
CASE_0006_20260306,REV_10,APPROVE,5.9,True,2026-03-07T13:27:00Z
CASE_0007_20260507,REV_04,EDD_REQUIRED,90.4,False,2026-05-08T15:04:00Z
CASE_0008_20260320,REV_03,APPROVE,39.9,True,2026-03-21T04:56:00Z
CASE_0009_20260415,REV_03,APPROVE,34.3,True,2026-04-15T12:06:00Z
CASE_0010_20260519,REV_12,REJECT,104.7,False,2026-05-20T09:37:00Z
CASE_0011_20260324,REV_09,APPROVE,35.9,True,2026-03-25T22:56:00Z
CASE_0012_20260314,REV_09,APPROVE,47.0,True,2026-03-14T22:55:00Z
CASE_0013_20260321,REV_12,EDD_REQUIRED,103.7,False,2026-03-22T11:58:00Z
CASE_0014_20260328,REV_06,APPROVE,35.1,True,2026-03-28T17:07:00Z
CASE_0015_20260427,REV_09,APPROVE,37.5,True,2026-04-28T14:33:00Z
CASE_0016_20260513,REV_01,APPROVE,10.4,True,2026-05-14T14:37:00Z
CASE_0017_20260405,REV_06,APPROVE,32.5,True,2026-04-06T19:07:00Z
CASE_0018_20260316,REV_04,EDD_REQUIRED,30.3,False,2026-03-17T11:33:00Z
CASE_0019_20260317,REV_11,APPROVE,18.1,True,2026-03-17T02:40:00Z
CASE_0020_20260309,REV_05,APPROVE,8.2,True,2026-03-11T01:53:00Z
CASE_0021_20260514,REV_05,APPROVE,9.2,True,2026-05-15T09:13:00Z
CASE_0022_20260523,REV_10,APPROVE,4.5,True,2026-05-25T02:32:00Z
CASE_0023_20260528,REV_05,APPROVE,3.5,True,2026-05-28T06:20:00Z
CASE_0024_20260502,REV_06,APPROVE,39.8,True,2026-05-02T07:36:00Z
CASE_0025_20260429,REV_09,APPROVE,42.1,True,2026-04-29T14:03:00Z
CASE_0026_20260330,REV_10,EDD_REQUIRED,8.1,True,2026-04-01T03:17:00Z
CASE_0027_20260406,REV_07,APPROVE,6.6,True,2026-04-07T21:09:00Z
CASE_0028_20260328,REV_10,APPROVE,9.6,True,2026-03-29T03:35:00Z
CASE_0029_20260315,REV_06,APPROVE,33.0,True,2026-03-16T15:36:00Z
CASE_0030_20260521,REV_03,REJECT,36.3,False,2026-05-22T05:41:00Z
CASE_0031_20260402,REV_05,APPROVE,9.4,True,2026-04-02T14:19:00Z
CASE_0032_20260507,REV_06,APPROVE,37.0,True,2026-05-08T15:59:00Z
CASE_0033_20260303,REV_11,EDD_REQUIRED,30.5,False,2026-03-04T11:52:00Z
CASE_0034_20260524,REV_01,REJECT,8.7,True,2026-05-24T18:35:00Z
CASE_0035_20260418,REV_08,APPROVE,109.0,True,2026-04-19T07:07:00Z
CASE_0036_20260420,REV_02,APPROVE,6.6,True,2026-04-21T21:36:00Z
CASE_0037_20260310,REV_01,APPROVE,4.5,True,2026-03-11T06:46:00Z
CASE_0038_20260312,REV_06,APPROVE,45.6,True,2026-03-13T01:00:00Z
CASE_0039_20260425,REV_09,APPROVE,42.7,True,2026-04-26T06:45:00Z
CASE_0040_20260506,REV_03,EDD_REQUIRED,26.8,True,2026-05-07T15:55:00Z
CASE_0041_20260505,REV_03,APPROVE,39.8,True,2026-05-05T20:35:00Z
CASE_0042_20260421,REV_02,APPROVE,3.6,True,2026-04-22T16:48:00Z
CASE_0043_20260309,REV_02,APPROVE,7.7,True,2026-03-10T16:42:00Z
CASE_0044_20260504,REV_08,APPROVE,129.9,True,2026-05-05T10:01:00Z
CASE_0045_20260305,REV_10,APPROVE,8.2,True,2026-03-06T15:25:00Z
CASE_0046_20260421,REV_10,APPROVE,9.3,True,2026-04-22T05:01:00Z
CASE_0047_20260509,REV_03,APPROVE,38.3,True,2026-05-09T15:25:00Z
CASE_0048_20260506,REV_12,APPROVE,115.5,True,2026-05-06T18:25:00Z
CASE_0049_20260429,REV_01,APPROVE,10.8,True,2026-04-30T13:20:00Z
CASE_0050_20260316,REV_11,APPROVE,35.4,True,2026-03-17T06:25:00Z
CASE_0051_20260524,REV_06,APPROVE,47.4,True,2026-05-25T06:54:00Z
CASE_0052_20260408,REV_11,APPROVE,31.4,True,2026-04-09T20:35:00Z
CASE_0053_20260513,REV_11,APPROVE,40.4,True,2026-05-14T09:45:00Z
CASE_0054_20260515,REV_11,APPROVE,41.8,True,2026-05-16T20:56:00Z
CASE_0055_20260318,REV_06,APPROVE,22.9,True,2026-03-19T19:29:00Z
CASE_0056_20260507,REV_10,APPROVE,6.8,True,2026-05-08T07:25:00Z
CASE_0057_20260327,REV_11,APPROVE,36.6,True,2026-03-28T17:19:00Z
CASE_0058_20260512,REV_12,APPROVE,117.5,True,2026-05-12T05:04:00Z
CASE_0059_20260408,REV_02,APPROVE,5.4,True,2026-04-10T03:36:00Z
CASE_0060_20260529,REV_07,APPROVE,8.8,True,2026-05-29T21:39:00Z
CASE_0061_20260309,REV_10,APPROVE,3.9,True,2026-03-11T08:37:00Z
CASE_0062_20260421,REV_03,EDD_REQUIRED,41.7,False,2026-04-22T02:03:00Z
CASE_0063_20260424,REV_02,APPROVE,5.4,True,2026-04-26T04:12:00Z
CASE_0064_20260308,REV_01,APPROVE,9.3,True,2026-03-09T15:40:00Z
CASE_0065_20260403,REV_10,APPROVE,11.4,True,2026-04-04T00:12:00Z
CASE_0066_20260410,REV_03,APPROVE,30.5,True,2026-04-10T19:35:00Z
CASE_0067_20260526,REV_10,APPROVE,5.1,True,2026-05-27T11:03:00Z
CASE_0068_20260305,REV_02,APPROVE,3.7,True,2026-03-06T08:00:00Z
CASE_0069_20260414,REV_11,APPROVE,25.5,True,2026-04-14T04:32:00Z
CASE_0070_20260419,REV_05,APPROVE,5.8,True,2026-04-20T02:19:00Z
CASE_0071_20260313,REV_04,APPROVE,112.7,True,2026-03-14T04:43:00Z
CASE_0072_20260317,REV_02,APPROVE,9.6,True,2026-03-18T11:54:00Z
CASE_0073_20260310,REV_07,APPROVE,4.0,True,2026-03-12T10:04:00Z
CASE_0074_20260415,REV_11,APPROVE,31.7,True,2026-04-15T21:35:00Z
CASE_0075_20260416,REV_08,APPROVE,107.4,True,2026-04-17T11:11:00Z
CASE_0076_20260529,REV_05,APPROVE,9.6,True,2026-05-30T20:42:00Z
CASE_0077_20260331,REV_05,APPROVE,11.8,True,2026-03-31T23:39:00Z
CASE_0078_20260530,REV_10,APPROVE,9.5,True,2026-05-31T02:16:00Z
CASE_0079_20260530,REV_09,APPROVE,53.9,True,2026-05-30T20:33:00Z
CASE_0080_20260519,REV_10,APPROVE,5.4,True,2026-05-19T16:00:00Z
CASE_0081_20260524,REV_08,APPROVE,105.4,True,2026-05-24T12:42:00Z
CASE_0082_20260324,REV_09,APPROVE,38.9,True,2026-03-26T10:03:00Z
CASE_0083_20260527,REV_01,APPROVE,9.0,True,2026-05-28T20:18:00Z
CASE_0084_20260416,REV_11,APPROVE,34.6,True,2026-04-17T20:09:00Z
CASE_0085_20260510,REV_11,APPROVE,52.1,True,2026-05-10T22:06:00Z
CASE_0086_20260311,REV_03,APPROVE,26.7,True,2026-03-12T00:57:00Z
CASE_0087_20260304,REV_07,APPROVE,10.8,True,2026-03-05T12:59:00Z
CASE_0088_20260420,REV_07,APPROVE,3.8,True,2026-04-21T22:28:00Z
CASE_0089_20260427,REV_11,EDD_REQUIRED,35.7,False,2026-04-27T22:49:00Z
CASE_0090_20260409,REV_03,APPROVE,32.0,True,2026-04-09T13:11:00Z
CASE_0091_20260508,REV_01,APPROVE,11.1,True,2026-05-09T19:39:00Z
CASE_0092_20260309,REV_12,APPROVE,107.8,True,2026-03-10T17:22:00Z
CASE_0093_20260419,REV_11,APPROVE,31.7,True,2026-04-21T07:02:00Z
CASE_0094_20260322,REV_10,APPROVE,4.3,True,2026-03-23T08:46:00Z
CASE_0095_20260424,REV_01,EDD_REQUIRED,8.9,True,2026-04-25T15:11:00Z
CASE_0096_20260403,REV_08,APPROVE,147.0,True,2026-04-04T17:02:00Z
CASE_0097_20260425,REV_04,APPROVE,89.3,True,2026-04-26T06:34:00Z
CASE_0098_20260525,REV_08,APPROVE,142.0,True,2026-05-26T13:23:00Z
CASE_0099_20260413,REV_07,APPROVE,11.0,True,2026-04-13T14:31:00Z
CASE_0100_20260402,REV_10,APPROVE,3.3,True,2026-04-03T07:41:00Z
CASE_0101_20260331,REV_12,APPROVE,74.1,True,2026-03-31T05:44:00Z
CASE_0102_20260415,REV_05,EDD_REQUIRED,9.3,True,2026-04-16T15:24:00Z
CASE_0103_20260414,REV_05,APPROVE,11.4,True,2026-04-14T18:34:00Z
CASE_0104_20260303,REV_05,APPROVE,11.6,True,2026-03-04T05:45:00Z
CASE_0105_20260318,REV_06,APPROVE,22.4,True,2026-03-19T19:46:00Z
CASE_0106_20260321,REV_12,APPROVE,102.1,True,2026-03-21T14:28:00Z
CASE_0107_20260515,REV_03,APPROVE,21.8,True,2026-05-16T10:26:00Z
CASE_0108_20260407,REV_02,APPROVE,3.6,True,2026-04-08T12:44:00Z
CASE_0109_20260505,REV_09,APPROVE,50.3,True,2026-05-05T14:44:00Z
CASE_0110_20260425,REV_04,EDD_REQUIRED,134.9,True,2026-04-26T02:56:00Z
CASE_0111_20260429,REV_02,APPROVE,10.7,True,2026-04-29T22:33:00Z
CASE_0112_20260513,REV_07,APPROVE,10.0,True,2026-05-13T22:34:00Z
CASE_0113_20260524,REV_03,APPROVE,31.5,True,2026-05-25T23:08:00Z
CASE_0114_20260401,REV_06,EDD_REQUIRED,35.0,False,2026-04-02T10:11:00Z
CASE_0115_20260308,REV_08,APPROVE,124.3,True,2026-03-09T09:11:00Z
CASE_0116_20260309,REV_03,APPROVE,30.1,True,2026-03-09T22:59:00Z
CASE_0117_20260424,REV_10,APPROVE,4.1,True,2026-04-25T01:23:00Z
CASE_0118_20260514,REV_02,APPROVE,3.3,True,2026-05-15T15:38:00Z
CASE_0119_20260426,REV_09,APPROVE,47.6,True,2026-04-26T16:52:00Z
CASE_0120_20260317,REV_05,APPROVE,4.6,True,2026-03-17T23:04:00Z
CASE_0121_20260502,REV_10,APPROVE,10.3,True,2026-05-02T07:45:00Z
CASE_0122_20260429,REV_02,APPROVE,9.2,True,2026-05-01T08:47:00Z
CASE_0123_20260424,REV_08,REJECT,100.5,False,2026-04-25T00:27:00Z
CASE_0124_20260510,REV_01,APPROVE,3.8,True,2026-05-11T09:01:00Z
CASE_0125_20260515,REV_01,APPROVE,5.1,True,2026-05-16T20:03:00Z
CASE_0126_20260409,REV_01,APPROVE,7.2,True,2026-04-10T17:40:00Z
CASE_0127_20260415,REV_05,APPROVE,6.2,True,2026-04-17T11:44:00Z
CASE_0128_20260327,REV_01,APPROVE,11.9,True,2026-03-29T00:15:00Z
CASE_0129_20260429,REV_04,REJECT,107.1,False,2026-04-30T09:35:00Z
CASE_0130_20260427,REV_07,APPROVE,11.6,True,2026-04-28T06:21:00Z
CASE_0131_20260423,REV_05,REJECT,8.2,False,2026-04-24T07:22:00Z
CASE_0132_20260521,REV_10,APPROVE,11.1,True,2026-05-21T05:34:00Z
CASE_0133_20260417,REV_07,APPROVE,10.2,True,2026-04-18T03:46:00Z
CASE_0134_20260331,REV_02,APPROVE,4.3,True,2026-04-01T21:52:00Z
CASE_0135_20260303,REV_07,APPROVE,11.9,True,2026-03-04T18:21:00Z
CASE_0136_20260517,REV_03,REJECT,34.1,False,2026-05-17T11:29:00Z
CASE_0137_20260413,REV_09,APPROVE,56.6,True,2026-04-14T21:17:00Z
CASE_0138_20260427,REV_01,APPROVE,4.0,True,2026-04-28T06:39:00Z
CASE_0139_20260421,REV_06,APPROVE,46.2,True,2026-04-22T01:15:00Z
CASE_0140_20260304,REV_04,APPROVE,104.7,True,2026-03-05T19:29:00Z
CASE_0141_20260306,REV_09,APPROVE,30.8,True,2026-03-07T05:41:00Z
CASE_0142_20260513,REV_10,APPROVE,11.8,True,2026-05-14T06:49:00Z
CASE_0143_20260315,REV_02,APPROVE,6.1,True,2026-03-15T18:36:00Z
CASE_0144_20260423,REV_11,APPROVE,30.1,True,2026-04-24T14:00:00Z
CASE_0145_20260316,REV_06,APPROVE,29.5,True,2026-03-16T14:10:00Z
CASE_0146_20260427,REV_07,APPROVE,4.2,True,2026-04-28T04:25:00Z
CASE_0147_20260420,REV_10,APPROVE,9.6,True,2026-04-21T06:16:00Z
CASE_0148_20260425,REV_02,APPROVE,9.0,True,2026-04-26T12:10:00Z
CASE_0149_20260503,REV_07,APPROVE,10.6,True,2026-05-04T01:49:00Z
CASE_0150_20260505,REV_11,APPROVE,52.2,True,2026-05-06T06:45:00Z
CASE_0151_20260522,REV_11,APPROVE,28.8,True,2026-05-23T04:06:00Z
CASE_0152_20260415,REV_04,APPROVE,163.6,True,2026-04-16T23:23:00Z
CASE_0153_20260325,REV_10,APPROVE,6.9,True,2026-03-25T07:46:00Z
CASE_0154_20260328,REV_11,APPROVE,28.3,True,2026-03-29T02:01:00Z
CASE_0155_20260329,REV_09,APPROVE,20.3,True,2026-03-29T23:39:00Z
CASE_0156_20260526,REV_02,APPROVE,3.3,True,2026-05-27T13:55:00Z
CASE_0157_20260517,REV_03,APPROVE,29.1,True,2026-05-18T18:41:00Z
CASE_0158_20260408,REV_05,APPROVE,11.6,True,2026-04-08T19:23:00Z
CASE_0159_20260422,REV_02,EDD_REQUIRED,10.3,False,2026-04-23T16:34:00Z
CASE_0160_20260314,REV_07,APPROVE,9.9,True,2026-03-15T00:15:00Z
CASE_0161_20260430,REV_02,EDD_REQUIRED,4.0,False,2026-04-30T20:48:00Z
CASE_0162_20260520,REV_03,APPROVE,34.4,True,2026-05-21T05:15:00Z
CASE_0163_20260411,REV_02,APPROVE,7.1,True,2026-04-12T08:08:00Z
CASE_0164_20260325,REV_09,APPROVE,50.5,True,2026-03-26T23:01:00Z
CASE_0165_20260317,REV_07,APPROVE,9.7,True,2026-03-17T03:04:00Z
CASE_0166_20260315,REV_05,APPROVE,6.1,True,2026-03-15T21:36:00Z
CASE_0167_20260304,REV_11,APPROVE,23.7,True,2026-03-05T10:01:00Z
CASE_0168_20260506,REV_02,APPROVE,5.9,True,2026-05-07T11:12:00Z
CASE_0169_20260304,REV_02,APPROVE,8.5,True,2026-03-05T10:39:00Z
CASE_0170_20260427,REV_05,APPROVE,7.0,True,2026-04-28T19:45:00Z
CASE_0171_20260319,REV_07,APPROVE,6.6,True,2026-03-20T05:22:00Z
CASE_0172_20260307,REV_09,APPROVE,44.6,True,2026-03-08T09:17:00Z
CASE_0173_20260417,REV_06,APPROVE,41.6,True,2026-04-17T09:33:00Z
CASE_0174_20260508,REV_08,APPROVE,102.5,True,2026-05-09T20:05:00Z
CASE_0175_20260425,REV_08,REJECT,90.5,True,2026-04-26T11:02:00Z
CASE_0176_20260314,REV_12,APPROVE,137.8,True,2026-03-15T14:25:00Z
CASE_0177_20260415,REV_01,APPROVE,7.7,True,2026-04-15T20:53:00Z
CASE_0178_20260328,REV_05,APPROVE,5.2,True,2026-03-29T02:19:00Z
CASE_0179_20260301,REV_12,APPROVE,149.8,True,2026-03-01T23:28:00Z
CASE_0180_20260324,REV_02,APPROVE,5.3,True,2026-03-25T09:06:00Z
CASE_0181_20260303,REV_03,APPROVE,50.3,True,2026-03-04T04:23:00Z
CASE_0182_20260504,REV_11,APPROVE,19.5,True,2026-05-05T17:37:00Z
CASE_0183_20260409,REV_07,APPROVE,11.3,True,2026-04-10T10:06:00Z
CASE_0184_20260301,REV_02,APPROVE,3.4,True,2026-03-02T11:51:00Z
CASE_0185_20260314,REV_09,APPROVE,15.9,True,2026-03-14T07:16:00Z
CASE_0186_20260303,REV_01,APPROVE,5.4,True,2026-03-03T19:56:00Z
CASE_0187_20260514,REV_01,APPROVE,11.0,True,2026-05-15T01:32:00Z
CASE_0188_20260321,REV_07,APPROVE,5.9,True,2026-03-22T05:51:00Z
CASE_0189_20260430,REV_11,APPROVE,35.0,True,2026-04-30T09:59:00Z
CASE_0190_20260426,REV_09,APPROVE,36.8,True,2026-04-26T14:25:00Z
CASE_0191_20260328,REV_08,APPROVE,139.6,True,2026-03-28T21:20:00Z
CASE_0192_20260408,REV_01,APPROVE,6.3,True,2026-04-09T15:46:00Z
CASE_0193_20260329,REV_10,APPROVE,4.6,True,2026-03-30T19:56:00Z
CASE_0194_20260417,REV_06,APPROVE,39.8,True,2026-04-17T10:09:00Z
CASE_0195_20260510,REV_01,APPROVE,7.6,True,2026-05-10T13:33:00Z
CASE_0196_20260328,REV_10,APPROVE,7.9,True,2026-03-29T22:02:00Z
CASE_0197_20260323,REV_11,APPROVE,30.7,True,2026-03-25T04:05:00Z
CASE_0198_20260529,REV_02,APPROVE,10.4,True,2026-05-30T11:12:00Z
CASE_0199_20260311,REV_11,REJECT,48.6,False,2026-03-12T14:26:00Z
CASE_0200_20260419,REV_02,APPROVE,8.7,True,2026-04-20T08:53:00Z
CASE_0201_20260510,REV_11,APPROVE,42.0,True,2026-05-11T20:05:00Z
CASE_0202_20260308,REV_01,APPROVE,7.7,True,2026-03-08T17:37:00Z
CASE_0203_20260519,REV_11,EDD_REQUIRED,43.4,False,2026-05-19T03:41:00Z
CASE_0204_20260325,REV_04,APPROVE,130.0,True,2026-03-26T13:41:00Z
CASE_0205_20260505,REV_02,APPROVE,9.1,True,2026-05-05T18:27:00Z
CASE_0206_20260530,REV_11,EDD_REQUIRED,42.5,True,2026-05-31T09:00:00Z
CASE_0207_20260313,REV_01,APPROVE,9.1,True,2026-03-14T20:51:00Z
CASE_0208_20260309,REV_05,APPROVE,8.9,True,2026-03-10T18:42:00Z
CASE_0209_20260526,REV_10,APPROVE,6.4,True,2026-05-26T21:33:00Z
CASE_0210_20260520,REV_03,APPROVE,28.2,True,2026-05-21T08:10:00Z
CASE_0211_20260319,REV_07,APPROVE,4.9,True,2026-03-20T09:54:00Z
CASE_0212_20260510,REV_05,APPROVE,4.6,True,2026-05-11T01:34:00Z
CASE_0213_20260318,REV_09,APPROVE,31.2,True,2026-03-19T15:58:00Z
CASE_0214_20260507,REV_04,APPROVE,97.7,True,2026-05-07T17:11:00Z
CASE_0215_20260502,REV_09,APPROVE,45.0,True,2026-05-04T00:32:00Z
CASE_0216_20260429,REV_02,APPROVE,11.7,True,2026-04-29T14:39:00Z
CASE_0217_20260309,REV_05,APPROVE,10.5,True,2026-03-11T06:06:00Z
CASE_0218_20260501,REV_01,EDD_REQUIRED,8.9,True,2026-05-02T00:14:00Z
CASE_0219_20260310,REV_03,APPROVE,30.5,True,2026-03-10T11:19:00Z
CASE_0220_20260418,REV_09,APPROVE,43.0,True,2026-04-19T16:19:00Z
CASE_0221_20260428,REV_01,APPROVE,8.0,True,2026-04-29T23:35:00Z
CASE_0222_20260509,REV_04,EDD_REQUIRED,106.9,False,2026-05-09T12:43:00Z
CASE_0223_20260302,REV_07,APPROVE,8.0,True,2026-03-03T06:34:00Z
CASE_0224_20260402,REV_10,APPROVE,7.1,True,2026-04-03T08:07:00Z
CASE_0225_20260522,REV_08,APPROVE,127.3,True,2026-05-23T09:44:00Z
CASE_0226_20260424,REV_02,APPROVE,3.1,True,2026-04-25T13:31:00Z
CASE_0227_20260412,REV_07,EDD_REQUIRED,11.4,False,2026-04-13T21:37:00Z
CASE_0228_20260402,REV_07,APPROVE,10.5,True,2026-04-03T09:59:00Z
CASE_0229_20260519,REV_07,APPROVE,9.4,True,2026-05-20T07:15:00Z
CASE_0230_20260402,REV_07,REJECT,6.9,True,2026-04-03T06:07:00Z
CASE_0231_20260519,REV_12,REJECT,120.3,False,2026-05-20T19:25:00Z
CASE_0232_20260310,REV_06,APPROVE,30.5,True,2026-03-11T01:25:00Z
CASE_0233_20260301,REV_07,APPROVE,10.9,True,2026-03-02T22:10:00Z
CASE_0234_20260302,REV_07,APPROVE,11.7,True,2026-03-03T04:30:00Z
CASE_0235_20260520,REV_03,APPROVE,18.0,True,2026-05-21T13:43:00Z
CASE_0236_20260513,REV_05,APPROVE,11.0,True,2026-05-14T08:04:00Z
CASE_0237_20260510,REV_11,APPROVE,44.7,True,2026-05-11T13:33:00Z
CASE_0238_20260508,REV_02,APPROVE,8.4,True,2026-05-09T06:00:00Z
CASE_0239_20260522,REV_06,APPROVE,35.9,True,2026-05-23T15:35:00Z
CASE_0240_20260325,REV_10,REJECT,9.2,True,2026-03-26T17:06:00Z
CASE_0241_20260415,REV_11,APPROVE,45.5,True,2026-04-15T07:10:00Z
CASE_0242_20260519,REV_02,APPROVE,9.9,True,2026-05-19T17:05:00Z
CASE_0243_20260324,REV_10,APPROVE,5.7,True,2026-03-25T12:14:00Z
CASE_0244_20260325,REV_07,APPROVE,11.8,True,2026-03-26T12:13:00Z
CASE_0245_20260422,REV_02,EDD_REQUIRED,4.2,False,2026-04-23T09:24:00Z
CASE_0246_20260429,REV_05,APPROVE,9.6,True,2026-04-30T11:35:00Z
CASE_0247_20260425,REV_05,APPROVE,9.5,True,2026-04-27T02:26:00Z
CASE_0248_20260520,REV_04,APPROVE,87.5,True,2026-05-21T04:09:00Z
CASE_0249_20260317,REV_09,APPROVE,44.6,True,2026-03-18T20:48:00Z
CASE_0250_20260504,REV_10,APPROVE,3.1,True,2026-05-05T08:10:00Z
CASE_0251_20260323,REV_07,APPROVE,4.9,True,2026-03-24T07:05:00Z
CASE_0252_20260306,REV_02,APPROVE,10.3,True,2026-03-07T05:35:00Z
CASE_0253_20260510,REV_10,APPROVE,7.8,True,2026-05-10T20:50:00Z
CASE_0254_20260507,REV_05,REJECT,3.7,True,2026-05-09T01:55:00Z
CASE_0255_20260418,REV_01,APPROVE,5.7,True,2026-04-20T06:36:00Z
CASE_0256_20260417,REV_05,APPROVE,6.7,True,2026-04-17T23:13:00Z
CASE_0257_20260514,REV_01,APPROVE,11.1,True,2026-05-14T13:56:00Z
CASE_0258_20260322,REV_01,APPROVE,6.2,True,2026-03-23T15:14:00Z
CASE_0259_20260516,REV_01,APPROVE,6.5,True,2026-05-16T12:08:00Z
CASE_0260_20260421,REV_07,EDD_REQUIRED,11.6,False,2026-04-23T07:32:00Z
CASE_0261_20260520,REV_05,APPROVE,5.0,True,2026-05-21T13:35:00Z
CASE_0262_20260324,REV_05,APPROVE,7.1,True,2026-03-26T00:13:00Z
CASE_0263_20260526,REV_02,APPROVE,12.0,True,2026-05-26T22:14:00Z
CASE_0264_20260522,REV_10,APPROVE,7.8,True,2026-05-23T15:57:00Z
CASE_0265_20260419,REV_08,APPROVE,115.5,True,2026-04-20T04:08:00Z
CASE_0266_20260302,REV_07,APPROVE,10.0,True,2026-03-02T12:00:00Z
CASE_0267_20260317,REV_11,APPROVE,45.1,True,2026-03-17T05:27:00Z
CASE_0268_20260402,REV_01,APPROVE,6.2,True,2026-04-02T04:45:00Z
CASE_0269_20260501,REV_08,REJECT,137.7,False,2026-05-02T01:17:00Z
CASE_0270_20260413,REV_10,APPROVE,11.7,True,2026-04-14T18:53:00Z
CASE_0271_20260510,REV_05,APPROVE,7.5,True,2026-05-11T13:03:00Z
CASE_0272_20260401,REV_05,APPROVE,5.4,True,2026-04-02T00:26:00Z
CASE_0273_20260501,REV_06,APPROVE,26.9,True,2026-05-02T07:58:00Z
CASE_0274_20260424,REV_01,EDD_REQUIRED,3.3,False,2026-04-25T12:35:00Z
CASE_0275_20260314,REV_12,APPROVE,101.1,True,2026-03-16T06:03:00Z
CASE_0276_20260403,REV_01,APPROVE,8.4,True,2026-04-03T05:03:00Z
CASE_0277_20260424,REV_01,EDD_REQUIRED,5.0,False,2026-04-24T19:39:00Z
CASE_0278_20260426,REV_12,APPROVE,108.5,True,2026-04-26T20:08:00Z
CASE_0279_20260406,REV_08,APPROVE,104.7,True,2026-04-06T22:33:00Z
CASE_0280_20260414,REV_06,APPROVE,33.9,True,2026-04-15T05:55:00Z
CASE_0281_20260424,REV_08,APPROVE,45.7,True,2026-04-25T10:52:00Z
CASE_0282_20260320,REV_10,REJECT,3.5,False,2026-03-20T11:43:00Z
CASE_0283_20260303,REV_05,APPROVE,8.1,True,2026-03-04T17:15:00Z
CASE_0284_20260405,REV_05,REJECT,9.4,True,2026-04-06T07:46:00Z
CASE_0285_20260408,REV_04,APPROVE,131.2,True,2026-04-09T05:05:00Z
CASE_0286_20260304,REV_12,APPROVE,148.2,True,2026-03-05T17:52:00Z
CASE_0287_20260418,REV_10,APPROVE,11.8,True,2026-04-18T16:04:00Z
CASE_0288_20260327,REV_06,APPROVE,24.9,True,2026-03-27T22:45:00Z
CASE_0289_20260305,REV_07,APPROVE,3.9,True,2026-03-06T12:23:00Z
CASE_0290_20260402,REV_10,APPROVE,10.6,True,2026-04-03T14:23:00Z
CASE_0291_20260330,REV_07,APPROVE,10.4,True,2026-03-31T09:05:00Z
CASE_0292_20260321,REV_10,APPROVE,8.8,True,2026-03-22T09:03:00Z
CASE_0293_20260508,REV_01,APPROVE,8.9,True,2026-05-09T11:20:00Z
CASE_0294_20260505,REV_06,APPROVE,41.1,True,2026-05-06T05:31:00Z
CASE_0295_20260316,REV_10,APPROVE,5.4,True,2026-03-17T04:24:00Z
CASE_0296_20260530,REV_03,APPROVE,44.0,True,2026-05-31T08:07:00Z
CASE_0297_20260328,REV_06,EDD_REQUIRED,37.2,True,2026-03-29T17:46:00Z
CASE_0298_20260420,REV_10,APPROVE,5.5,True,2026-04-21T08:14:00Z
CASE_0299_20260514,REV_02,EDD_REQUIRED,5.3,True,2026-05-15T04:16:00Z
CASE_0300_20260327,REV_09,REJECT,41.9,False,2026-03-27T10:46:00Z
CASE_0301_20260503,REV_05,APPROVE,5.9,True,2026-05-03T22:12:00Z
CASE_0302_20260402,REV_01,APPROVE,3.9,True,2026-04-02T15:34:00Z
CASE_0303_20260523,REV_12,APPROVE,94.0,True,2026-05-23T04:45:00Z
CASE_0304_20260414,REV_06,REJECT,24.3,True,2026-04-15T04:09:00Z
CASE_0305_20260503,REV_07,APPROVE,4.6,True,2026-05-04T01:23:00Z
CASE_0306_20260422,REV_06,APPROVE,33.1,True,2026-04-22T18:18:00Z
CASE_0307_20260412,REV_08,APPROVE,119.7,True,2026-04-13T13:29:00Z
CASE_0308_20260320,REV_12,APPROVE,102.5,True,2026-03-20T02:35:00Z
CASE_0309_20260415,REV_01,APPROVE,6.8,True,2026-04-16T11:11:00Z
CASE_0310_20260313,REV_06,APPROVE,33.9,True,2026-03-14T09:23:00Z
CASE_0311_20260409,REV_05,APPROVE,6.7,True,2026-04-09T05:05:00Z
CASE_0312_20260407,REV_05,APPROVE,12.0,True,2026-04-07T20:13:00Z
CASE_0313_20260405,REV_03,APPROVE,23.4,True,2026-04-06T23:59:00Z
CASE_0314_20260329,REV_05,APPROVE,4.2,True,2026-03-30T02:58:00Z
CASE_0315_20260523,REV_02,APPROVE,6.4,True,2026-05-23T08:56:00Z
CASE_0316_20260524,REV_07,APPROVE,3.7,True,2026-05-25T23:45:00Z
CASE_0317_20260512,REV_07,APPROVE,8.0,True,2026-05-12T17:33:07Z
CASE_0318_20260519,REV_06,REJECT,47.0,False,2026-05-19T16:22:00Z
CASE_0319_20260417,REV_02,APPROVE,8.2,True,2026-04-17T16:08:00Z
CASE_0320_20260502,REV_04,APPROVE,84.2,True,2026-05-03T05:07:00Z
CASE_0321_20260519,REV_07,EDD_REQUIRED,8.1,True,2026-05-21T06:56:00Z
CASE_0322_20260313,REV_10,APPROVE,3.1,True,2026-03-14T06:23:00Z
CASE_0323_20260422,REV_07,APPROVE,4.4,True,2026-04-22T16:16:00Z
CASE_0324_20260422,REV_06,APPROVE,32.0,True,2026-04-23T17:46:00Z
CASE_0325_20260417,REV_08,APPROVE,140.7,True,2026-04-17T15:35:00Z
CASE_0326_20260401,REV_04,APPROVE,175.6,True,2026-04-02T01:04:00Z
CASE_0327_20260410,REV_04,APPROVE,112.6,True,2026-04-11T17:00:00Z
CASE_0328_20260513,REV_01,APPROVE,5.8,True,2026-05-13T23:11:00Z
CASE_0329_20260416,REV_02,APPROVE,5.2,True,2026-04-17T08:35:00Z
CASE_0330_20260402,REV_07,APPROVE,9.7,True,2026-04-03T13:39:00Z
CASE_0331_20260511,REV_10,APPROVE,6.6,True,2026-05-12T04:07:00Z
CASE_0332_20260519,REV_10,EDD_REQUIRED,6.1,True,2026-05-20T09:33:00Z
CASE_0333_20260321,REV_02,APPROVE,8.8,True,2026-03-21T13:09:00Z
CASE_0334_20260418,REV_11,APPROVE,28.8,True,2026-04-18T21:11:00Z
CASE_0335_20260503,REV_09,EDD_REQUIRED,45.9,False,2026-05-04T01:42:00Z
CASE_0336_20260522,REV_01,EDD_REQUIRED,9.2,True,2026-05-23T13:42:00Z
CASE_0337_20260324,REV_02,APPROVE,11.2,True,2026-03-25T09:04:00Z
CASE_0338_20260515,REV_07,APPROVE,5.0,True,2026-05-16T00:00:00Z
CASE_0339_20260521,REV_11,APPROVE,29.2,True,2026-05-22T22:09:00Z
CASE_0340_20260511,REV_02,EDD_REQUIRED,11.6,False,2026-05-12T11:16:00Z
CASE_0341_20260406,REV_01,EDD_REQUIRED,5.2,True,2026-04-07T20:30:00Z
CASE_0342_20260401,REV_04,APPROVE,97.5,True,2026-04-01T12:34:00Z
CASE_0343_20260422,REV_05,APPROVE,8.8,True,2026-04-23T08:29:00Z
CASE_0344_20260316,REV_12,APPROVE,87.7,True,2026-03-17T19:50:00Z
CASE_0345_20260412,REV_02,APPROVE,5.3,True,2026-04-13T11:35:00Z
CASE_0346_20260325,REV_01,APPROVE,5.7,True,2026-03-26T22:25:00Z
CASE_0347_20260302,REV_08,APPROVE,161.9,True,2026-03-02T23:08:00Z
CASE_0348_20260527,REV_05,APPROVE,3.9,True,2026-05-28T09:57:00Z
CASE_0349_20260312,REV_03,APPROVE,19.8,True,2026-03-13T02:07:00Z
CASE_0350_20260526,REV_04,APPROVE,59.4,True,2026-05-27T10:41:00Z
CASE_0351_20260315,REV_06,APPROVE,36.0,True,2026-03-15T12:29:00Z
CASE_0352_20260414,REV_10,APPROVE,7.5,True,2026-04-15T05:13:00Z
CASE_0353_20260502,REV_11,REJECT,36.8,False,2026-05-03T07:12:00Z
CASE_0354_20260323,REV_07,APPROVE,7.4,True,2026-03-23T16:49:00Z
CASE_0355_20260525,REV_04,APPROVE,86.3,True,2026-05-25T18:37:00Z
CASE_0356_20260304,REV_09,APPROVE,41.1,True,2026-03-04T11:38:00Z
CASE_0357_20260412,REV_03,APPROVE,34.2,True,2026-04-12T20:03:00Z
CASE_0358_20260322,REV_02,APPROVE,5.9,True,2026-03-23T01:38:00Z
CASE_0359_20260424,REV_01,APPROVE,10.5,True,2026-04-26T00:35:00Z
CASE_0360_20260330,REV_11,APPROVE,43.7,True,2026-03-30T13:52:00Z
CASE_0361_20260503,REV_11,APPROVE,23.9,True,2026-05-04T23:30:00Z
CASE_0362_20260310,REV_10,APPROVE,6.8,True,2026-03-11T11:44:00Z
CASE_0363_20260317,REV_05,APPROVE,8.3,True,2026-03-18T06:13:00Z
CASE_0364_20260514,REV_07,APPROVE,9.4,True,2026-05-15T00:35:00Z
CASE_0365_20260308,REV_01,APPROVE,5.2,True,2026-03-09T01:02:00Z
CASE_0366_20260306,REV_06,APPROVE,25.4,True,2026-03-06T21:14:00Z
CASE_0367_20260309,REV_07,APPROVE,11.1,True,2026-03-10T16:52:00Z
CASE_0368_20260414,REV_09,APPROVE,48.4,True,2026-04-15T23:52:00Z
CASE_0369_20260318,REV_10,APPROVE,9.6,True,2026-03-18T22:23:00Z
CASE_0370_20260327,REV_05,EDD_REQUIRED,7.9,True,2026-03-28T19:11:00Z
CASE_0371_20260304,REV_10,APPROVE,3.1,True,2026-03-04T19:36:00Z
CASE_0372_20260406,REV_10,APPROVE,6.8,True,2026-04-07T10:03:00Z
CASE_0373_20260521,REV_05,EDD_REQUIRED,6.8,True,2026-05-22T18:07:00Z
CASE_0374_20260330,REV_05,APPROVE,9.8,True,2026-03-31T06:01:00Z
CASE_0375_20260401,REV_06,REJECT,37.7,True,2026-04-02T04:40:00Z
CASE_0376_20260507,REV_09,APPROVE,29.2,True,2026-05-07T17:07:00Z
CASE_0377_20260419,REV_12,APPROVE,57.6,True,2026-04-20T17:08:00Z
CASE_0378_20260304,REV_05,APPROVE,9.7,True,2026-03-04T21:46:00Z
CASE_0379_20260327,REV_05,APPROVE,8.0,True,2026-03-28T04:00:00Z
CASE_0380_20260526,REV_07,APPROVE,5.5,True,2026-05-27T12:43:00Z
CASE_0381_20260325,REV_11,APPROVE,40.6,True,2026-03-25T21:41:00Z
CASE_0382_20260504,REV_02,APPROVE,9.3,True,2026-05-04T16:29:00Z
CASE_0383_20260312,REV_03,APPROVE,24.4,True,2026-03-13T08:45:00Z
CASE_0384_20260405,REV_02,APPROVE,8.8,True,2026-04-06T08:10:00Z
CASE_0385_20260519,REV_05,APPROVE,4.8,True,2026-05-20T01:22:00Z
CASE_0386_20260502,REV_05,APPROVE,5.7,True,2026-05-03T08:03:00Z
CASE_0387_20260319,REV_04,APPROVE,140.6,True,2026-03-20T12:43:00Z
CASE_0388_20260301,REV_09,APPROVE,31.7,True,2026-03-01T13:54:00Z
CASE_0389_20260425,REV_02,REJECT,7.3,False,2026-04-26T14:33:00Z
CASE_0390_20260427,REV_11,APPROVE,34.5,True,2026-04-28T12:44:00Z
CASE_0391_20260311,REV_09,APPROVE,44.3,True,2026-03-12T11:18:00Z
CASE_0392_20260326,REV_02,APPROVE,6.6,True,2026-03-27T15:44:00Z
CASE_0393_20260311,REV_10,APPROVE,6.4,True,2026-03-11T13:20:00Z
CASE_0394_20260427,REV_12,APPROVE,68.0,True,2026-04-28T22:01:00Z
CASE_0395_20260401,REV_05,APPROVE,7.2,True,2026-04-02T05:50:00Z
CASE_0396_20260503,REV_05,APPROVE,3.1,True,2026-05-04T19:25:00Z
CASE_0397_20260326,REV_02,APPROVE,10.1,True,2026-03-27T00:46:00Z
CASE_0398_20260515,REV_02,APPROVE,4.3,True,2026-05-16T08:47:00Z
CASE_0399_20260414,REV_09,APPROVE,24.2,True,2026-04-15T05:51:00Z
CASE_0400_20260301,REV_08,APPROVE,145.6,True,2026-03-01T11:56:00Z
CASE_0401_20260318,REV_08,APPROVE,95.6,True,2026-03-19T06:04:00Z
CASE_0402_20260324,REV_07,APPROVE,4.0,True,2026-03-25T12:18:00Z
CASE_0403_20260519,REV_06,APPROVE,26.8,True,2026-05-19T18:30:00Z
CASE_0404_20260521,REV_01,APPROVE,4.5,True,2026-05-22T08:05:00Z
CASE_0405_20260303,REV_04,APPROVE,112.9,True,2026-03-04T18:07:00Z
CASE_0406_20260524,REV_02,APPROVE,11.2,True,2026-05-24T22:29:00Z
CASE_0407_20260529,REV_05,APPROVE,4.1,True,2026-05-29T21:17:00Z
CASE_0408_20260426,REV_08,REJECT,134.8,False,2026-04-27T14:12:00Z
CASE_0409_20260527,REV_04,REJECT,94.7,False,2026-05-28T21:13:00Z
CASE_0410_20260425,REV_09,APPROVE,33.6,True,2026-04-25T07:15:00Z
CASE_0411_20260321,REV_11,APPROVE,32.3,True,2026-03-21T21:03:00Z
CASE_0412_20260403,REV_08,APPROVE,90.1,True,2026-04-05T05:51:00Z
CASE_0413_20260415,REV_06,REJECT,24.6,False,2026-04-15T20:29:00Z
CASE_0414_20260420,REV_01,APPROVE,5.7,True,2026-04-21T01:39:00Z
CASE_0415_20260429,REV_06,APPROVE,37.2,True,2026-04-30T04:59:00Z
CASE_0416_20260415,REV_08,APPROVE,87.9,True,2026-04-17T02:05:00Z
CASE_0417_20260523,REV_07,APPROVE,11.6,True,2026-05-24T13:56:00Z
CASE_0418_20260414,REV_02,APPROVE,9.7,True,2026-04-15T12:45:00Z
CASE_0419_20260403,REV_07,APPROVE,5.1,True,2026-04-04T07:50:00Z
CASE_0420_20260408,REV_06,APPROVE,34.0,True,2026-04-09T07:47:00Z
CASE_0421_20260422,REV_10,APPROVE,3.4,True,2026-04-22T18:32:00Z
CASE_0422_20260322,REV_03,APPROVE,29.2,True,2026-03-22T05:21:00Z
CASE_0423_20260522,REV_02,APPROVE,4.9,True,2026-05-23T16:58:00Z
CASE_0424_20260313,REV_05,APPROVE,4.8,True,2026-03-14T13:39:00Z
CASE_0425_20260306,REV_10,APPROVE,10.1,True,2026-03-06T20:05:00Z
CASE_0426_20260410,REV_03,APPROVE,33.4,True,2026-04-11T12:05:00Z
CASE_0427_20260301,REV_12,APPROVE,98.8,True,2026-03-01T13:35:00Z
CASE_0428_20260407,REV_10,APPROVE,7.3,True,2026-04-07T22:10:00Z
CASE_0429_20260513,REV_06,APPROVE,31.0,True,2026-05-14T13:50:00Z
CASE_0430_20260425,REV_02,APPROVE,5.5,True,2026-04-27T03:27:00Z
CASE_0431_20260505,REV_06,APPROVE,32.4,True,2026-05-07T02:51:00Z
CASE_0432_20260509,REV_12,APPROVE,132.5,True,2026-05-09T22:23:00Z
CASE_0433_20260331,REV_01,APPROVE,11.1,True,2026-04-01T11:28:00Z
CASE_0434_20260508,REV_06,APPROVE,28.6,True,2026-05-09T20:33:00Z
CASE_0435_20260430,REV_01,APPROVE,10.4,True,2026-04-30T04:45:00Z
CASE_0436_20260412,REV_01,APPROVE,11.0,True,2026-04-13T18:21:00Z
CASE_0437_20260516,REV_10,APPROVE,4.1,True,2026-05-17T13:20:00Z
CASE_0438_20260302,REV_05,APPROVE,10.6,True,2026-03-04T01:22:00Z
CASE_0439_20260404,REV_06,APPROVE,13.5,True,2026-04-04T17:33:00Z
CASE_0440_20260304,REV_08,APPROVE,138.6,True,2026-03-05T17:22:00Z
CASE_0441_20260413,REV_10,APPROVE,11.0,True,2026-04-14T15:43:00Z
CASE_0442_20260310,REV_06,REJECT,14.9,False,2026-03-11T03:53:00Z
CASE_0443_20260328,REV_06,REJECT,47.0,False,2026-03-29T17:35:00Z
CASE_0444_20260315,REV_10,APPROVE,8.4,True,2026-03-16T10:04:00Z
CASE_0445_20260411,REV_09,EDD_REQUIRED,34.3,False,2026-04-12T02:19:00Z
CASE_0446_20260316,REV_05,APPROVE,3.3,True,2026-03-17T13:12:00Z
CASE_0447_20260318,REV_10,APPROVE,11.0,True,2026-03-19T08:22:00Z
CASE_0448_20260413,REV_07,APPROVE,8.6,True,2026-04-13T07:16:00Z
CASE_0449_20260319,REV_01,APPROVE,10.0,True,2026-03-20T08:59:00Z
CASE_0450_20260407,REV_11,APPROVE,29.2,True,2026-04-07T16:57:00Z
CASE_0451_20260527,REV_12,APPROVE,75.9,True,2026-05-29T04:02:00Z
CASE_0452_20260509,REV_07,APPROVE,4.6,True,2026-05-10T00:37:00Z
CASE_0453_20260503,REV_05,REJECT,11.2,True,2026-05-04T14:27:00Z
CASE_0454_20260506,REV_09,APPROVE,24.2,True,2026-05-07T02:27:00Z
CASE_0455_20260413,REV_04,APPROVE,169.2,True,2026-04-14T10:54:00Z
CASE_0456_20260517,REV_01,APPROVE,5.2,True,2026-05-17T21:15:00Z
CASE_0457_20260525,REV_01,APPROVE,7.8,True,2026-05-26T01:29:00Z
CASE_0458_20260501,REV_08,APPROVE,115.2,True,2026-05-01T22:00:00Z
CASE_0459_20260416,REV_01,APPROVE,3.3,True,2026-04-17T08:21:00Z
CASE_0460_20260409,REV_07,APPROVE,10.2,True,2026-04-09T22:07:00Z
CASE_0461_20260515,REV_12,APPROVE,86.4,True,2026-05-15T10:16:00Z
CASE_0462_20260520,REV_03,APPROVE,34.9,True,2026-05-20T23:09:00Z
CASE_0463_20260321,REV_05,APPROVE,8.1,True,2026-03-21T22:36:00Z
CASE_0464_20260515,REV_10,APPROVE,8.6,True,2026-05-15T11:25:00Z
CASE_0465_20260322,REV_07,APPROVE,6.6,True,2026-03-22T21:25:00Z
CASE_0466_20260513,REV_06,APPROVE,31.6,True,2026-05-15T03:51:00Z
CASE_0467_20260423,REV_04,EDD_REQUIRED,99.8,True,2026-04-23T07:04:00Z
CASE_0468_20260505,REV_04,APPROVE,84.4,True,2026-05-06T20:12:00Z
CASE_0469_20260329,REV_03,APPROVE,29.1,True,2026-03-29T14:40:00Z
CASE_0470_20260510,REV_02,APPROVE,8.1,True,2026-05-11T16:57:00Z
CASE_0471_20260512,REV_02,APPROVE,11.9,True,2026-05-13T03:39:00Z
CASE_0472_20260311,REV_04,APPROVE,112.4,True,2026-03-12T05:20:00Z
CASE_0473_20260306,REV_10,APPROVE,4.4,True,2026-03-06T18:04:00Z
CASE_0474_20260415,REV_09,APPROVE,36.3,True,2026-04-16T07:07:00Z
CASE_0475_20260404,REV_01,APPROVE,4.0,True,2026-04-05T15:03:00Z
CASE_0476_20260421,REV_02,APPROVE,5.3,True,2026-04-22T06:33:00Z
CASE_0477_20260317,REV_01,APPROVE,4.3,True,2026-03-17T13:36:00Z
CASE_0478_20260401,REV_07,APPROVE,4.2,True,2026-04-01T21:56:00Z
CASE_0479_20260412,REV_09,APPROVE,38.0,True,2026-04-13T21:43:00Z
CASE_0480_20260319,REV_09,APPROVE,29.5,True,2026-03-20T15:23:00Z
CASE_0481_20260328,REV_05,APPROVE,6.8,True,2026-03-28T10:30:00Z
CASE_0482_20260302,REV_06,APPROVE,24.0,True,2026-03-02T10:08:00Z
CASE_0483_20260520,REV_08,APPROVE,114.6,True,2026-05-21T11:09:00Z
CASE_0484_20260328,REV_06,APPROVE,24.4,True,2026-03-29T04:25:00Z
CASE_0485_20260428,REV_02,EDD_REQUIRED,11.7,False,2026-04-28T09:01:00Z
CASE_0486_20260419,REV_03,APPROVE,35.0,True,2026-04-20T04:46:00Z
CASE_0487_20260429,REV_07,APPROVE,6.5,True,2026-04-29T16:54:00Z
CASE_0488_20260520,REV_07,APPROVE,8.7,False,2026-05-21T12:41:00Z
CASE_0489_20260506,REV_03,APPROVE,30.3,True,2026-05-07T01:40:00Z
CASE_0490_20260522,REV_07,APPROVE,11.7,True,2026-05-23T20:52:00Z
CASE_0491_20260521,REV_09,APPROVE,30.4,True,2026-05-22T03:48:00Z
CASE_0492_20260310,REV_12,APPROVE,134.0,True,2026-03-12T05:41:00Z
CASE_0493_20260426,REV_10,APPROVE,9.6,True,2026-04-26T17:14:00Z
CASE_0494_20260420,REV_05,APPROVE,3.0,True,2026-04-22T00:40:00Z
CASE_0495_20260315,REV_01,APPROVE,3.1,True,2026-03-16T22:17:00Z
CASE_0496_20260418,REV_12,APPROVE,97.3,True,2026-04-18T17:11:00Z
CASE_0497_20260519,REV_12,APPROVE,106.5,True,2026-05-20T04:19:00Z
CASE_0498_20260324,REV_06,APPROVE,21.6,True,2026-03-25T12:21:00Z
CASE_0499_20260523,REV_11,APPROVE,41.1,True,2026-05-24T10:49:00Z
CASE_0500_20260525,REV_10,APPROVE,8.8,True,2026-05-26T15:48:00Z
CASE_0501_20260403,REV_11,APPROVE,47.8,False,2026-04-04T13:20:00Z
CASE_0502_20260512,REV_05,APPROVE,7.8,True,2026-05-14T07:48:00Z
CASE_0503_20260327,REV_02,EDD_REQUIRED,3.2,False,2026-03-28T09:06:00Z
CASE_0504_20260317,REV_11,EDD_REQUIRED,18.4,True,2026-03-18T19:37:00Z
CASE_0505_20260325,REV_08,EDD_REQUIRED,86.9,False,2026-03-26T03:09:00Z
CASE_0506_20260515,REV_02,APPROVE,4.8,True,2026-05-16T08:50:00Z
CASE_0507_20260515,REV_02,APPROVE,4.8,True,2026-05-16T16:03:00Z
CASE_0508_20260518,REV_09,APPROVE,21.8,True,2026-05-19T12:37:00Z
CASE_0509_20260527,REV_03,APPROVE,47.5,True,2026-05-29T01:41:00Z
CASE_0510_20260508,REV_01,APPROVE,12.0,True,2026-05-10T00:20:00Z
CASE_0511_20260509,REV_09,EDD_REQUIRED,38.7,True,2026-05-10T06:13:00Z
CASE_0512_20260420,REV_10,APPROVE,9.4,True,2026-04-20T20:19:00Z
CASE_0513_20260307,REV_07,APPROVE,11.1,True,2026-03-08T11:36:00Z
CASE_0514_20260330,REV_11,APPROVE,41.8,True,2026-03-30T09:01:00Z
CASE_0515_20260519,REV_02,APPROVE,9.3,True,2026-05-19T15:54:00Z
CASE_0516_20260520,REV_05,APPROVE,3.8,True,2026-05-21T20:17:00Z
CASE_0517_20260404,REV_08,REJECT,96.3,False,2026-04-04T20:55:00Z
CASE_0518_20260428,REV_09,APPROVE,42.9,True,2026-04-29T02:54:00Z
CASE_0519_20260328,REV_11,APPROVE,50.9,True,2026-03-30T07:18:00Z
CASE_0520_20260521,REV_03,APPROVE,23.1,True,2026-05-22T08:26:00Z
CASE_0521_20260306,REV_07,APPROVE,6.2,True,2026-03-06T11:22:00Z
CASE_0522_20260526,REV_05,APPROVE,6.1,True,2026-05-27T05:18:00Z
CASE_0523_20260510,REV_08,EDD_REQUIRED,97.5,False,2026-05-11T16:49:00Z
CASE_0524_20260409,REV_01,APPROVE,10.0,True,2026-04-10T17:23:00Z
CASE_0525_20260312,REV_02,APPROVE,7.0,True,2026-03-12T16:57:00Z
CASE_0526_20260313,REV_01,APPROVE,4.9,True,2026-03-13T10:14:00Z
CASE_0527_20260310,REV_09,APPROVE,35.7,True,2026-03-12T04:08:00Z
CASE_0528_20260407,REV_06,APPROVE,22.6,True,2026-04-08T00:08:00Z
CASE_0529_20260512,REV_02,APPROVE,10.4,True,2026-05-14T07:45:00Z
CASE_0530_20260515,REV_10,APPROVE,11.3,True,2026-05-16T03:51:00Z
CASE_0531_20260324,REV_07,APPROVE,10.1,True,2026-03-24T21:46:00Z
CASE_0532_20260301,REV_01,APPROVE,10.6,True,2026-03-02T05:35:00Z
CASE_0533_20260427,REV_04,APPROVE,112.6,True,2026-04-28T17:22:00Z
CASE_0534_20260319,REV_10,APPROVE,11.8,True,2026-03-20T04:52:00Z
CASE_0535_20260314,REV_08,APPROVE,122.3,True,2026-03-15T18:50:00Z
CASE_0536_20260514,REV_10,APPROVE,5.7,True,2026-05-14T17:51:00Z
CASE_0537_20260403,REV_07,APPROVE,6.5,True,2026-04-04T23:58:00Z
CASE_0538_20260321,REV_09,APPROVE,7.6,True,2026-03-21T07:38:00Z
CASE_0539_20260407,REV_05,EDD_REQUIRED,4.7,False,2026-04-07T09:19:00Z
CASE_0540_20260402,REV_01,APPROVE,6.5,True,2026-04-02T08:15:00Z
CASE_0541_20260523,REV_12,APPROVE,133.1,True,2026-05-24T18:25:00Z
CASE_0542_20260320,REV_07,APPROVE,8.6,True,2026-03-20T07:32:00Z
CASE_0543_20260401,REV_09,APPROVE,50.0,True,2026-04-02T11:00:00Z
CASE_0544_20260430,REV_05,APPROVE,7.6,True,2026-04-30T13:50:00Z
CASE_0545_20260418,REV_01,EDD_REQUIRED,4.2,False,2026-04-18T18:08:00Z
CASE_0546_20260517,REV_12,REJECT,104.2,False,2026-05-17T21:35:00Z
CASE_0547_20260511,REV_03,APPROVE,27.5,True,2026-05-12T17:17:00Z
CASE_0548_20260424,REV_03,APPROVE,30.6,True,2026-04-25T10:08:00Z
CASE_0549_20260309,REV_10,APPROVE,6.2,True,2026-03-09T12:28:00Z
CASE_0550_20260511,REV_10,APPROVE,7.4,True,2026-05-12T15:14:00Z
CASE_0551_20260517,REV_01,APPROVE,4.7,True,2026-05-17T11:36:00Z
CASE_0552_20260413,REV_06,APPROVE,25.5,True,2026-04-14T07:06:00Z
CASE_0553_20260523,REV_01,EDD_REQUIRED,10.7,True,2026-05-23T11:28:00Z
CASE_0554_20260517,REV_12,APPROVE,121.8,True,2026-05-18T05:53:00Z
CASE_0555_20260318,REV_01,APPROVE,5.6,True,2026-03-19T02:26:00Z
CASE_0556_20260326,REV_07,EDD_REQUIRED,8.1,False,2026-03-27T08:34:00Z
CASE_0557_20260526,REV_11,APPROVE,43.3,True,2026-05-27T12:11:00Z
CASE_0558_20260502,REV_01,APPROVE,11.6,True,2026-05-02T15:02:00Z
CASE_0559_20260404,REV_10,APPROVE,6.1,True,2026-04-06T06:12:00Z
CASE_0560_20260530,REV_02,EDD_REQUIRED,10.5,False,2026-05-31T03:02:00Z
CASE_0561_20260329,REV_01,APPROVE,9.7,True,2026-03-30T11:15:00Z
CASE_0562_20260305,REV_10,APPROVE,3.8,True,2026-03-05T08:50:00Z
CASE_0563_20260403,REV_05,APPROVE,11.6,True,2026-04-04T11:34:00Z
CASE_0564_20260522,REV_08,APPROVE,70.4,True,2026-05-24T02:01:00Z
CASE_0565_20260328,REV_12,APPROVE,172.8,True,2026-03-29T04:37:00Z
CASE_0566_20260326,REV_07,APPROVE,7.6,True,2026-03-27T05:59:00Z
CASE_0567_20260516,REV_06,APPROVE,19.9,True,2026-05-16T19:41:00Z
CASE_0568_20260415,REV_11,APPROVE,33.1,True,2026-04-16T02:11:00Z
CASE_0569_20260419,REV_03,APPROVE,25.9,True,2026-04-21T04:16:00Z
CASE_0570_20260523,REV_05,APPROVE,10.4,True,2026-05-24T02:33:00Z
CASE_0571_20260409,REV_09,APPROVE,49.4,True,2026-04-10T10:41:00Z
CASE_0572_20260430,REV_06,APPROVE,39.5,True,2026-04-30T22:17:00Z
CASE_0573_20260501,REV_11,APPROVE,46.1,True,2026-05-01T09:07:00Z
CASE_0574_20260418,REV_07,APPROVE,10.7,True,2026-04-18T18:42:00Z
CASE_0575_20260329,REV_07,APPROVE,8.0,True,2026-03-30T15:05:00Z
CASE_0576_20260515,REV_10,APPROVE,6.0,True,2026-05-16T10:17:00Z
CASE_0577_20260417,REV_05,APPROVE,11.5,True,2026-04-18T20:42:00Z
CASE_0578_20260313,REV_02,APPROVE,3.8,True,2026-03-14T13:34:00Z
CASE_0579_20260524,REV_11,APPROVE,46.1,True,2026-05-24T22:35:00Z
CASE_0580_20260513,REV_09,APPROVE,39.7,True,2026-05-13T13:35:00Z
CASE_0581_20260521,REV_03,APPROVE,37.0,True,2026-05-22T19:07:00Z
CASE_0582_20260414,REV_07,APPROVE,6.5,True,2026-04-16T03:38:00Z
CASE_0583_20260530,REV_05,APPROVE,3.0,True,2026-05-30T15:13:00Z
CASE_0584_20260323,REV_12,APPROVE,88.5,True,2026-03-23T04:41:00Z
CASE_0585_20260416,REV_01,APPROVE,5.5,True,2026-04-17T06:12:00Z
CASE_0586_20260311,REV_12,APPROVE,112.7,True,2026-03-13T07:07:00Z
CASE_0587_20260503,REV_05,APPROVE,5.7,True,2026-05-04T07:30:00Z
CASE_0588_20260429,REV_09,APPROVE,28.6,True,2026-05-01T00:14:00Z
CASE_0589_20260401,REV_10,APPROVE,3.7,True,2026-04-02T19:48:00Z
CASE_0590_20260510,REV_04,EDD_REQUIRED,65.2,True,2026-05-10T20:11:00Z
CASE_0591_20260430,REV_11,APPROVE,28.8,True,2026-05-01T22:45:00Z
CASE_0592_20260404,REV_03,APPROVE,37.2,True,2026-04-05T04:46:00Z
CASE_0593_20260530,REV_03,APPROVE,37.7,True,2026-05-30T18:08:00Z
CASE_0594_20260323,REV_10,APPROVE,8.7,True,2026-03-23T13:19:00Z
CASE_0595_20260319,REV_06,EDD_REQUIRED,40.1,False,2026-03-20T10:07:00Z
CASE_0596_20260410,REV_03,APPROVE,28.0,True,2026-04-11T10:25:00Z
CASE_0597_20260304,REV_04,EDD_REQUIRED,107.9,False,2026-03-05T15:02:00Z
CASE_0598_20260328,REV_02,REJECT,9.8,False,2026-03-29T16:17:00Z
CASE_0599_20260404,REV_04,APPROVE,116.1,True,2026-04-05T14:44:00Z
CASE_0600_20260421,REV_09,REJECT,61.0,False,2026-04-22T03:33:00Z
CASE_0601_20260515,REV_07,APPROVE,8.9,True,2026-05-17T00:52:00Z
CASE_0602_20260516,REV_02,APPROVE,11.9,True,2026-05-18T01:09:00Z
CASE_0603_20260321,REV_09,APPROVE,55.9,True,2026-03-22T14:54:00Z
CASE_0604_20260523,REV_09,APPROVE,31.3,True,2026-05-24T21:28:00Z
CASE_0605_20260325,REV_06,APPROVE,31.4,True,2026-03-26T05:49:00Z
CASE_0606_20260317,REV_07,APPROVE,11.0,True,2026-03-18T23:31:00Z
CASE_0607_20260508,REV_10,APPROVE,11.1,True,2026-05-08T14:02:00Z
CASE_0608_20260308,REV_12,APPROVE,86.8,True,2026-03-09T23:49:00Z
CASE_0609_20260305,REV_06,EDD_REQUIRED,44.1,False,2026-03-06T05:56:00Z
CASE_0610_20260525,REV_11,APPROVE,32.2,True,2026-05-27T02:24:00Z
CASE_0611_20260321,REV_02,APPROVE,5.6,True,2026-03-23T05:44:00Z
CASE_0612_20260430,REV_10,APPROVE,3.2,True,2026-05-01T02:05:00Z
CASE_0613_20260523,REV_03,APPROVE,28.8,True,2026-05-24T05:02:00Z
CASE_0614_20260421,REV_08,REJECT,118.1,False,2026-04-22T11:01:00Z
CASE_0615_20260324,REV_10,APPROVE,10.1,True,2026-03-24T03:42:00Z
CASE_0616_20260527,REV_11,APPROVE,50.0,True,2026-05-28T04:05:00Z
CASE_0617_20260410,REV_04,APPROVE,105.3,True,2026-04-10T09:32:00Z
CASE_0618_20260312,REV_08,REJECT,112.2,False,2026-03-13T00:24:00Z
CASE_0619_20260528,REV_07,APPROVE,3.4,True,2026-05-29T17:22:00Z
CASE_0620_20260322,REV_04,APPROVE,104.5,True,2026-03-23T19:24:00Z
CASE_0621_20260321,REV_01,APPROVE,4.4,True,2026-03-22T04:30:00Z
CASE_0622_20260416,REV_06,REJECT,27.3,False,2026-04-17T18:46:00Z
CASE_0623_20260312,REV_11,APPROVE,58.9,True,2026-03-12T17:26:00Z
CASE_0624_20260508,REV_09,APPROVE,30.2,True,2026-05-08T20:25:00Z
CASE_0625_20260307,REV_04,APPROVE,136.8,True,2026-03-08T16:15:00Z
CASE_0626_20260308,REV_08,APPROVE,112.7,True,2026-03-09T04:44:00Z
CASE_0627_20260526,REV_03,APPROVE,50.7,True,2026-05-27T13:14:00Z
CASE_0628_20260505,REV_05,APPROVE,4.3,True,2026-05-05T10:55:00Z
CASE_0629_20260416,REV_01,APPROVE,3.8,True,2026-04-16T16:19:00Z
CASE_0630_20260425,REV_10,APPROVE,12.0,True,2026-04-25T15:31:00Z
CASE_0631_20260521,REV_10,APPROVE,10.5,True,2026-05-22T14:03:00Z
CASE_0632_20260510,REV_03,EDD_REQUIRED,16.3,False,2026-05-10T14:44:00Z
CASE_0633_20260318,REV_05,REJECT,3.9,False,2026-03-19T16:25:00Z
CASE_0634_20260428,REV_05,APPROVE,3.3,True,2026-04-29T00:42:00Z
CASE_0635_20260304,REV_10,APPROVE,5.9,True,2026-03-05T09:15:00Z
CASE_0636_20260508,REV_03,APPROVE,19.6,True,2026-05-09T00:06:00Z
CASE_0637_20260423,REV_07,APPROVE,7.6,True,2026-04-24T14:10:00Z
CASE_0638_20260305,REV_11,APPROVE,45.1,True,2026-03-06T03:20:00Z
CASE_0639_20260530,REV_09,APPROVE,63.6,True,2026-05-31T02:17:00Z
CASE_0640_20260420,REV_05,REJECT,8.9,True,2026-04-21T14:48:00Z
CASE_0641_20260506,REV_08,APPROVE,88.6,True,2026-05-07T12:50:00Z
CASE_0642_20260402,REV_09,APPROVE,17.5,True,2026-04-03T08:49:00Z
CASE_0643_20260315,REV_06,APPROVE,35.0,True,2026-03-17T06:39:00Z
CASE_0644_20260315,REV_05,APPROVE,8.9,True,2026-03-16T12:49:00Z
CASE_0645_20260506,REV_02,APPROVE,9.7,True,2026-05-07T00:20:00Z
CASE_0646_20260408,REV_08,REJECT,148.0,True,2026-04-09T03:25:00Z
CASE_0647_20260428,REV_08,APPROVE,57.3,True,2026-04-28T17:23:00Z
CASE_0648_20260501,REV_10,APPROVE,4.0,True,2026-05-02T01:07:00Z
CASE_0649_20260415,REV_07,APPROVE,4.6,True,2026-04-16T06:36:00Z
CASE_0650_20260417,REV_04,APPROVE,122.0,True,2026-04-18T04:04:00Z
CASE_0651_20260311,REV_11,APPROVE,34.5,True,2026-03-11T13:50:00Z
CASE_0652_20260411,REV_07,APPROVE,9.7,True,2026-04-12T16:19:00Z
CASE_0653_20260507,REV_07,APPROVE,8.1,True,2026-05-08T03:22:00Z
CASE_0654_20260525,REV_05,APPROVE,6.8,True,2026-05-26T08:36:00Z
CASE_0655_20260410,REV_06,APPROVE,29.9,True,2026-04-12T00:49:00Z
CASE_0656_20260420,REV_01,APPROVE,3.2,True,2026-04-21T05:55:00Z
CASE_0657_20260405,REV_02,APPROVE,5.0,True,2026-04-06T05:04:00Z
CASE_0658_20260520,REV_12,APPROVE,142.3,True,2026-05-20T23:39:00Z
CASE_0659_20260514,REV_01,APPROVE,11.5,True,2026-05-15T23:32:00Z
CASE_0660_20260509,REV_11,APPROVE,36.7,True,2026-05-10T03:57:00Z
CASE_0661_20260405,REV_10,APPROVE,9.0,True,2026-04-06T06:02:00Z
CASE_0662_20260411,REV_11,EDD_REQUIRED,48.4,True,2026-04-12T00:09:00Z
CASE_0663_20260517,REV_03,APPROVE,37.4,True,2026-05-18T04:17:00Z
CASE_0664_20260506,REV_02,EDD_REQUIRED,9.2,False,2026-05-07T19:10:00Z
CASE_0665_20260325,REV_10,APPROVE,8.5,True,2026-03-26T05:30:00Z
CASE_0666_20260331,REV_02,APPROVE,9.2,True,2026-03-31T22:54:00Z
CASE_0667_20260504,REV_01,APPROVE,3.7,True,2026-05-05T12:06:00Z
CASE_0668_20260323,REV_10,APPROVE,3.2,True,2026-03-23T03:53:00Z
CASE_0669_20260329,REV_07,APPROVE,8.3,True,2026-03-29T14:39:00Z
CASE_0670_20260405,REV_07,APPROVE,3.8,True,2026-04-05T11:23:00Z
CASE_0671_20260428,REV_01,APPROVE,10.9,False,2026-04-29T04:03:00Z
CASE_0672_20260307,REV_09,APPROVE,35.0,True,2026-03-08T12:06:00Z
CASE_0673_20260412,REV_09,REJECT,39.0,False,2026-04-13T12:05:00Z
CASE_0674_20260307,REV_09,APPROVE,45.4,True,2026-03-07T19:01:00Z
CASE_0675_20260301,REV_09,APPROVE,38.6,True,2026-03-02T18:06:00Z
CASE_0676_20260424,REV_01,APPROVE,4.7,True,2026-04-25T11:49:00Z
CASE_0677_20260509,REV_07,APPROVE,11.9,True,2026-05-10T01:18:00Z
CASE_0678_20260530,REV_07,APPROVE,8.7,True,2026-05-30T22:44:00Z
CASE_0679_20260407,REV_08,APPROVE,137.2,True,2026-04-08T06:41:00Z
CASE_0680_20260418,REV_11,APPROVE,42.0,True,2026-04-20T03:18:00Z
CASE_0681_20260309,REV_03,APPROVE,37.4,True,2026-03-10T10:47:00Z
CASE_0682_20260417,REV_11,APPROVE,50.6,True,2026-04-17T10:34:00Z
CASE_0683_20260526,REV_11,APPROVE,37.3,True,2026-05-27T14:33:00Z
CASE_0684_20260405,REV_07,APPROVE,5.3,True,2026-04-05T10:14:00Z
CASE_0685_20260504,REV_10,APPROVE,4.9,True,2026-05-05T10:58:00Z
CASE_0686_20260315,REV_02,EDD_REQUIRED,3.6,True,2026-03-16T00:28:00Z
CASE_0687_20260507,REV_01,APPROVE,10.4,True,2026-05-07T13:31:00Z
CASE_0688_20260416,REV_01,EDD_REQUIRED,8.0,True,2026-04-17T16:56:00Z
CASE_0689_20260521,REV_10,APPROVE,5.7,True,2026-05-23T03:02:00Z
CASE_0690_20260320,REV_03,APPROVE,39.1,True,2026-03-20T15:27:00Z
CASE_0691_20260504,REV_03,APPROVE,36.9,True,2026-05-05T10:53:00Z
CASE_0692_20260426,REV_07,APPROVE,10.8,True,2026-04-26T19:07:00Z
CASE_0693_20260402,REV_12,APPROVE,83.9,True,2026-04-03T03:02:00Z
CASE_0694_20260325,REV_07,APPROVE,5.5,True,2026-03-25T17:40:00Z
CASE_0695_20260505,REV_07,APPROVE,10.0,True,2026-05-06T08:32:00Z
CASE_0696_20260505,REV_12,APPROVE,137.7,True,2026-05-06T00:55:00Z
CASE_0697_20260323,REV_05,APPROVE,3.6,True,2026-03-23T14:34:00Z
CASE_0698_20260423,REV_11,APPROVE,32.1,True,2026-04-24T06:07:00Z
CASE_0699_20260421,REV_01,APPROVE,5.3,True,2026-04-21T08:43:00Z
CASE_0700_20260317,REV_07,APPROVE,4.4,True,2026-03-17T23:02:00Z
CASE_0701_20260327,REV_04,APPROVE,112.0,True,2026-03-28T01:39:00Z
CASE_0702_20260516,REV_09,APPROVE,32.4,True,2026-05-16T16:13:00Z
CASE_0703_20260317,REV_02,APPROVE,11.1,True,2026-03-18T16:32:00Z
CASE_0704_20260413,REV_03,APPROVE,66.7,True,2026-04-14T07:38:00Z
CASE_0705_20260321,REV_01,APPROVE,11.6,True,2026-03-21T06:43:00Z
CASE_0706_20260305,REV_07,APPROVE,7.5,True,2026-03-06T08:45:00Z
CASE_0707_20260319,REV_06,APPROVE,43.2,True,2026-03-20T05:22:00Z
CASE_0708_20260511,REV_03,APPROVE,37.1,True,2026-05-11T14:02:00Z
CASE_0709_20260302,REV_05,APPROVE,11.0,True,2026-03-03T05:17:00Z
CASE_0710_20260318,REV_06,APPROVE,30.5,True,2026-03-19T12:41:00Z
CASE_0711_20260407,REV_08,APPROVE,90.7,True,2026-04-08T02:11:00Z
CASE_0712_20260328,REV_10,APPROVE,8.6,True,2026-03-28T16:47:00Z
CASE_0713_20260428,REV_07,APPROVE,3.1,True,2026-04-29T16:57:00Z
CASE_0714_20260321,REV_10,APPROVE,11.3,True,2026-03-22T02:59:00Z
CASE_0715_20260307,REV_04,APPROVE,84.2,True,2026-03-07T07:55:00Z
CASE_0716_20260318,REV_02,APPROVE,6.6,True,2026-03-19T12:09:00Z
CASE_0717_20260422,REV_02,APPROVE,12.0,True,2026-04-23T05:18:00Z
CASE_0718_20260312,REV_01,REJECT,8.0,True,2026-03-12T08:19:00Z
CASE_0719_20260309,REV_11,REJECT,39.1,False,2026-03-09T23:57:00Z
CASE_0720_20260401,REV_06,EDD_REQUIRED,20.8,True,2026-04-01T08:08:00Z
CASE_0721_20260308,REV_07,APPROVE,7.0,True,2026-03-08T15:22:00Z
CASE_0722_20260511,REV_07,APPROVE,11.9,True,2026-05-12T12:31:00Z
CASE_0723_20260519,REV_08,EDD_REQUIRED,137.7,False,2026-05-19T19:26:00Z
CASE_0724_20260525,REV_02,REJECT,10.5,True,2026-05-25T19:03:00Z
CASE_0725_20260526,REV_03,APPROVE,23.1,True,2026-05-27T11:37:00Z
CASE_0726_20260307,REV_03,EDD_REQUIRED,24.6,False,2026-03-08T08:38:00Z
CASE_0727_20260307,REV_11,APPROVE,45.4,True,2026-03-08T14:30:00Z
CASE_0728_20260409,REV_05,APPROVE,9.1,True,2026-04-09T17:32:00Z
CASE_0729_20260322,REV_06,APPROVE,29.1,True,2026-03-22T23:10:00Z
CASE_0730_20260410,REV_09,APPROVE,35.2,True,2026-04-11T13:01:00Z
CASE_0731_20260407,REV_09,APPROVE,46.3,True,2026-04-08T02:20:00Z
CASE_0732_20260507,REV_07,APPROVE,7.7,True,2026-05-08T09:50:00Z
CASE_0733_20260410,REV_03,APPROVE,39.1,True,2026-04-10T16:32:00Z
CASE_0734_20260302,REV_03,REJECT,19.7,True,2026-03-02T18:59:00Z
CASE_0735_20260331,REV_09,APPROVE,41.5,True,2026-04-01T15:42:00Z
CASE_0736_20260309,REV_01,APPROVE,7.0,True,2026-03-11T08:34:00Z
CASE_0737_20260327,REV_10,APPROVE,7.1,True,2026-03-27T21:52:00Z
CASE_0738_20260309,REV_04,APPROVE,66.8,True,2026-03-09T23:31:00Z
CASE_0739_20260505,REV_08,REJECT,142.6,True,2026-05-05T09:54:00Z
CASE_0740_20260402,REV_09,APPROVE,47.7,True,2026-04-02T18:13:00Z
CASE_0741_20260312,REV_11,APPROVE,29.8,True,2026-03-13T21:35:00Z
CASE_0742_20260326,REV_03,EDD_REQUIRED,15.5,False,2026-03-27T04:41:00Z
CASE_0743_20260514,REV_12,APPROVE,107.0,True,2026-05-14T14:33:00Z
CASE_0744_20260322,REV_11,APPROVE,38.3,True,2026-03-23T01:07:00Z
CASE_0745_20260410,REV_12,APPROVE,129.1,True,2026-04-10T12:34:00Z
CASE_0746_20260502,REV_10,APPROVE,8.1,True,2026-05-03T11:52:00Z
CASE_0747_20260306,REV_03,APPROVE,31.6,True,2026-03-08T08:49:00Z
CASE_0748_20260310,REV_05,APPROVE,5.1,True,2026-03-10T21:51:00Z
CASE_0749_20260328,REV_05,APPROVE,3.5,True,2026-03-28T14:13:00Z
CASE_0750_20260303,REV_09,APPROVE,32.8,True,2026-03-03T13:07:00Z
CASE_0751_20260516,REV_05,APPROVE,3.3,True,2026-05-17T09:40:00Z
CASE_0752_20260427,REV_04,APPROVE,121.0,True,2026-04-28T04:04:00Z
CASE_0753_20260306,REV_07,APPROVE,3.7,True,2026-03-06T19:52:00Z
CASE_0754_20260322,REV_07,APPROVE,4.8,True,2026-03-23T08:25:00Z
CASE_0755_20260423,REV_03,APPROVE,39.0,True,2026-04-23T22:53:00Z
CASE_0756_20260324,REV_02,APPROVE,9.4,True,2026-03-24T06:33:00Z
CASE_0757_20260401,REV_07,APPROVE,10.8,True,2026-04-01T11:39:00Z
CASE_0758_20260422,REV_09,APPROVE,51.7,True,2026-04-22T19:56:00Z
CASE_0759_20260305,REV_08,REJECT,142.7,False,2026-03-05T20:16:00Z
CASE_0760_20260515,REV_05,APPROVE,7.1,True,2026-05-15T08:47:00Z
CASE_0761_20260405,REV_07,APPROVE,6.4,True,2026-04-07T04:29:00Z
CASE_0762_20260501,REV_05,APPROVE,9.9,True,2026-05-01T15:51:00Z
CASE_0763_20260314,REV_10,APPROVE,8.7,True,2026-03-14T17:43:00Z
CASE_0764_20260314,REV_10,APPROVE,7.7,True,2026-03-15T22:22:00Z
CASE_0765_20260519,REV_01,APPROVE,7.4,True,2026-05-20T17:51:00Z
CASE_0766_20260416,REV_01,APPROVE,10.6,True,2026-04-17T15:39:00Z
CASE_0767_20260529,REV_03,APPROVE,29.6,True,2026-05-31T05:13:00Z
CASE_0768_20260530,REV_08,EDD_REQUIRED,146.0,False,2026-05-30T11:32:00Z
CASE_0769_20260505,REV_04,APPROVE,116.9,True,2026-05-06T14:43:00Z
CASE_0770_20260503,REV_08,APPROVE,126.7,True,2026-05-03T21:13:00Z
CASE_0771_20260502,REV_04,APPROVE,83.7,True,2026-05-02T21:46:00Z
CASE_0772_20260404,REV_03,APPROVE,23.0,True,2026-04-05T10:36:00Z
CASE_0773_20260414,REV_12,REJECT,98.8,False,2026-04-16T06:50:00Z
CASE_0774_20260428,REV_06,APPROVE,33.5,True,2026-04-28T21:33:00Z
CASE_0775_20260307,REV_05,APPROVE,3.0,True,2026-03-07T15:13:00Z
CASE_0776_20260311,REV_05,APPROVE,10.8,True,2026-03-13T00:40:00Z
CASE_0777_20260324,REV_11,APPROVE,24.5,True,2026-03-25T14:16:00Z
CASE_0778_20260330,REV_02,APPROVE,4.2,True,2026-03-31T14:37:00Z
CASE_0779_20260526,REV_10,APPROVE,9.1,True,2026-05-26T19:07:00Z
CASE_0780_20260325,REV_04,EDD_REQUIRED,89.4,False,2026-03-27T05:54:00Z
CASE_0781_20260309,REV_01,APPROVE,8.2,True,2026-03-09T14:31:00Z
CASE_0782_20260321,REV_02,APPROVE,9.9,True,2026-03-21T05:55:00Z
CASE_0783_20260426,REV_09,APPROVE,44.6,True,2026-04-27T05:22:00Z
CASE_0784_20260319,REV_07,EDD_REQUIRED,6.0,True,2026-03-20T13:48:00Z
CASE_0785_20260313,REV_02,APPROVE,6.2,True,2026-03-14T15:01:00Z
CASE_0786_20260407,REV_01,APPROVE,7.1,True,2026-04-07T22:21:00Z
CASE_0787_20260506,REV_10,EDD_REQUIRED,4.6,False,2026-05-07T21:55:00Z
CASE_0788_20260311,REV_02,APPROVE,8.0,True,2026-03-12T00:58:00Z
CASE_0789_20260411,REV_05,EDD_REQUIRED,6.0,False,2026-04-11T16:58:00Z
CASE_0790_20260305,REV_01,APPROVE,5.4,True,2026-03-06T01:09:00Z
CASE_0791_20260518,REV_02,APPROVE,4.9,True,2026-05-18T08:42:00Z
CASE_0792_20260404,REV_12,APPROVE,115.0,True,2026-04-05T15:06:00Z
CASE_0793_20260307,REV_10,EDD_REQUIRED,3.8,True,2026-03-08T00:25:00Z
CASE_0794_20260509,REV_05,APPROVE,9.8,True,2026-05-09T19:15:00Z
CASE_0795_20260515,REV_10,EDD_REQUIRED,11.7,False,2026-05-16T13:48:00Z
CASE_0796_20260330,REV_05,APPROVE,3.4,True,2026-03-30T21:05:00Z
CASE_0797_20260319,REV_06,APPROVE,34.3,True,2026-03-20T18:34:00Z
CASE_0798_20260514,REV_11,APPROVE,33.6,True,2026-05-15T10:49:00Z
CASE_0799_20260304,REV_06,APPROVE,51.6,True,2026-03-05T20:55:00Z
CASE_0800_20260412,REV_07,APPROVE,5.7,True,2026-04-13T06:19:00Z
CASE_0801_20260327,REV_12,EDD_REQUIRED,97.4,False,2026-03-27T22:31:00Z
CASE_0802_20260330,REV_04,APPROVE,141.6,True,2026-03-31T15:00:00Z
CASE_0803_20260301,REV_01,APPROVE,5.0,True,2026-03-02T08:40:00Z
CASE_0804_20260301,REV_04,REJECT,135.7,False,2026-03-01T16:51:00Z
CASE_0805_20260503,REV_06,APPROVE,38.7,True,2026-05-04T09:42:00Z
CASE_0806_20260406,REV_05,APPROVE,8.6,True,2026-04-08T05:00:00Z
CASE_0807_20260516,REV_08,APPROVE,144.9,True,2026-05-16T18:12:00Z
CASE_0808_20260319,REV_05,APPROVE,7.0,True,2026-03-20T11:16:00Z
CASE_0809_20260323,REV_09,APPROVE,46.3,True,2026-03-24T07:28:00Z
CASE_0810_20260331,REV_11,APPROVE,39.1,True,2026-04-01T01:15:00Z
CASE_0811_20260405,REV_10,APPROVE,10.4,True,2026-04-07T01:07:00Z
CASE_0812_20260316,REV_03,APPROVE,34.2,True,2026-03-16T19:54:00Z
CASE_0813_20260403,REV_07,APPROVE,11.5,True,2026-04-04T10:47:00Z
CASE_0814_20260422,REV_10,APPROVE,10.5,True,2026-04-22T22:59:00Z
CASE_0815_20260312,REV_12,APPROVE,121.5,True,2026-03-13T20:08:00Z
CASE_0816_20260324,REV_06,APPROVE,20.7,True,2026-03-25T15:15:00Z
CASE_0817_20260408,REV_07,APPROVE,10.0,True,2026-04-09T10:29:00Z
CASE_0818_20260525,REV_01,APPROVE,12.0,True,2026-05-26T21:24:00Z
CASE_0819_20260314,REV_10,APPROVE,8.9,True,2026-03-14T21:49:00Z
CASE_0820_20260523,REV_06,APPROVE,36.9,True,2026-05-25T05:49:00Z
CASE_0821_20260507,REV_04,APPROVE,130.6,True,2026-05-08T17:48:00Z
CASE_0822_20260506,REV_05,APPROVE,5.4,True,2026-05-07T18:55:00Z
CASE_0823_20260507,REV_05,APPROVE,4.2,True,2026-05-08T03:12:00Z
CASE_0824_20260326,REV_12,APPROVE,113.3,True,2026-03-26T18:32:00Z
CASE_0825_20260507,REV_02,APPROVE,4.9,True,2026-05-07T08:50:00Z
CASE_0826_20260412,REV_04,APPROVE,58.4,True,2026-04-12T20:59:00Z
CASE_0827_20260405,REV_07,APPROVE,3.6,True,2026-04-05T10:48:00Z
CASE_0828_20260426,REV_10,APPROVE,9.0,True,2026-04-27T21:08:00Z
CASE_0829_20260522,REV_12,REJECT,145.2,False,2026-05-22T16:53:00Z
CASE_0830_20260524,REV_11,APPROVE,47.0,True,2026-05-25T01:12:00Z
CASE_0831_20260330,REV_11,APPROVE,38.8,True,2026-03-31T20:13:00Z
CASE_0832_20260428,REV_10,APPROVE,5.9,True,2026-04-29T15:13:00Z
CASE_0833_20260529,REV_02,APPROVE,9.9,True,2026-05-30T10:47:00Z
CASE_0834_20260410,REV_03,APPROVE,45.1,True,2026-04-11T16:55:00Z
CASE_0835_20260303,REV_01,EDD_REQUIRED,4.0,True,2026-03-04T16:34:00Z
CASE_0836_20260513,REV_07,APPROVE,9.1,True,2026-05-14T20:41:00Z
CASE_0837_20260520,REV_07,APPROVE,11.1,True,2026-05-20T18:55:00Z
CASE_0838_20260308,REV_01,REJECT,10.5,False,2026-03-09T08:23:00Z
CASE_0839_20260314,REV_04,APPROVE,159.4,True,2026-03-15T07:47:00Z
CASE_0840_20260304,REV_10,APPROVE,4.0,True,2026-03-05T17:43:00Z
CASE_0841_20260319,REV_10,APPROVE,8.3,True,2026-03-19T15:48:00Z
CASE_0842_20260422,REV_12,APPROVE,104.1,True,2026-04-22T19:44:00Z
CASE_0843_20260518,REV_05,APPROVE,4.8,True,2026-05-19T22:20:00Z
CASE_0844_20260309,REV_02,APPROVE,10.3,True,2026-03-10T14:20:00Z
CASE_0845_20260327,REV_05,APPROVE,9.8,True,2026-03-29T02:07:00Z
CASE_0846_20260515,REV_11,EDD_REQUIRED,45.1,True,2026-05-15T18:53:00Z
CASE_0847_20260308,REV_05,APPROVE,12.0,True,2026-03-09T10:07:00Z
CASE_0848_20260317,REV_09,APPROVE,37.1,True,2026-03-17T21:48:00Z
CASE_0849_20260511,REV_01,APPROVE,9.5,True,2026-05-11T20:25:00Z
CASE_0850_20260325,REV_04,APPROVE,134.8,True,2026-03-25T09:15:00Z
CASE_0851_20260302,REV_10,APPROVE,9.5,True,2026-03-04T07:32:00Z
CASE_0852_20260510,REV_09,APPROVE,51.5,True,2026-05-11T21:14:00Z
CASE_0853_20260318,REV_09,APPROVE,52.3,True,2026-03-19T03:50:00Z
CASE_0854_20260519,REV_10,APPROVE,6.6,True,2026-05-20T05:51:00Z
CASE_0855_20260518,REV_02,APPROVE,10.4,True,2026-05-20T08:25:00Z
CASE_0856_20260416,REV_03,APPROVE,38.6,True,2026-04-16T13:33:00Z
CASE_0857_20260428,REV_04,APPROVE,116.3,True,2026-04-28T14:28:00Z
CASE_0858_20260506,REV_10,APPROVE,5.9,True,2026-05-06T06:53:00Z
CASE_0859_20260401,REV_01,APPROVE,4.3,True,2026-04-02T10:17:00Z
CASE_0860_20260510,REV_03,APPROVE,34.1,True,2026-05-11T04:40:00Z
CASE_0861_20260315,REV_09,APPROVE,44.0,True,2026-03-16T21:37:00Z
CASE_0862_20260424,REV_08,APPROVE,86.7,True,2026-04-24T20:42:00Z
CASE_0863_20260508,REV_04,APPROVE,74.6,True,2026-05-08T19:18:00Z
CASE_0864_20260519,REV_01,APPROVE,3.3,True,2026-05-20T12:38:00Z
CASE_0865_20260403,REV_06,APPROVE,34.7,True,2026-04-04T16:08:00Z
CASE_0866_20260416,REV_06,APPROVE,27.7,True,2026-04-17T05:01:00Z
CASE_0867_20260315,REV_01,APPROVE,8.8,True,2026-03-16T17:09:00Z
CASE_0868_20260521,REV_06,APPROVE,30.9,True,2026-05-22T19:53:00Z
CASE_0869_20260316,REV_01,APPROVE,11.8,True,2026-03-16T23:36:00Z
CASE_0870_20260420,REV_02,APPROVE,9.1,True,2026-04-21T11:46:00Z
CASE_0871_20260421,REV_02,APPROVE,4.1,True,2026-04-22T01:07:00Z
CASE_0872_20260425,REV_06,APPROVE,46.1,True,2026-04-26T12:06:00Z
CASE_0873_20260527,REV_10,APPROVE,11.6,True,2026-05-27T16:10:00Z
CASE_0874_20260311,REV_04,APPROVE,97.8,True,2026-03-13T05:57:00Z
CASE_0875_20260313,REV_07,APPROVE,7.1,True,2026-03-14T18:20:00Z
CASE_0876_20260401,REV_10,APPROVE,7.5,True,2026-04-02T06:02:00Z
CASE_0877_20260326,REV_01,APPROVE,6.2,True,2026-03-28T00:27:00Z
CASE_0878_20260424,REV_09,APPROVE,47.2,True,2026-04-24T11:06:00Z
CASE_0879_20260403,REV_02,APPROVE,11.4,True,2026-04-05T03:52:00Z
CASE_0880_20260401,REV_11,APPROVE,31.9,True,2026-04-02T14:59:00Z
CASE_0881_20260424,REV_11,EDD_REQUIRED,53.9,True,2026-04-25T01:13:00Z
CASE_0882_20260312,REV_05,APPROVE,9.1,True,2026-03-12T18:06:00Z
CASE_0883_20260426,REV_05,APPROVE,3.7,True,2026-04-26T20:40:00Z
CASE_0884_20260516,REV_06,EDD_REQUIRED,25.0,True,2026-05-17T09:53:00Z
CASE_0885_20260412,REV_11,APPROVE,50.9,True,2026-04-13T01:59:00Z
CASE_0886_20260429,REV_07,APPROVE,11.0,True,2026-04-30T06:45:00Z
CASE_0887_20260414,REV_10,APPROVE,11.4,True,2026-04-14T23:59:00Z
CASE_0888_20260319,REV_12,APPROVE,86.5,True,2026-03-20T14:13:00Z
CASE_0889_20260501,REV_07,APPROVE,7.3,True,2026-05-02T07:02:00Z
CASE_0890_20260415,REV_01,APPROVE,5.7,True,2026-04-15T07:33:00Z
CASE_0891_20260508,REV_07,APPROVE,9.3,True,2026-05-09T22:15:00Z
CASE_0892_20260313,REV_10,APPROVE,9.0,True,2026-03-14T10:52:00Z
CASE_0893_20260510,REV_06,APPROVE,38.4,True,2026-05-10T12:37:00Z
CASE_0894_20260318,REV_09,REJECT,45.7,True,2026-03-18T18:30:00Z
CASE_0895_20260320,REV_04,REJECT,110.9,False,2026-03-21T11:43:00Z
CASE_0896_20260516,REV_06,APPROVE,12.2,True,2026-05-17T22:27:00Z
CASE_0897_20260430,REV_07,APPROVE,9.2,True,2026-05-01T22:18:00Z
CASE_0898_20260524,REV_11,APPROVE,36.8,True,2026-05-25T22:04:00Z
CASE_0899_20260503,REV_11,EDD_REQUIRED,20.3,True,2026-05-03T22:55:00Z
CASE_0900_20260530,REV_06,APPROVE,51.9,True,2026-05-31T14:24:00Z
CASE_0901_20260302,REV_11,APPROVE,26.0,True,2026-03-04T00:55:00Z
CASE_0902_20260509,REV_10,APPROVE,4.3,True,2026-05-10T11:02:00Z
CASE_0903_20260320,REV_05,APPROVE,9.0,True,2026-03-21T03:50:00Z
CASE_0904_20260523,REV_12,APPROVE,173.2,True,2026-05-23T22:53:00Z
CASE_0905_20260314,REV_02,APPROVE,8.4,True,2026-03-15T11:52:00Z
CASE_0906_20260521,REV_03,APPROVE,27.9,True,2026-05-22T20:53:00Z
CASE_0907_20260505,REV_02,APPROVE,9.9,True,2026-05-06T18:24:00Z
CASE_0908_20260529,REV_05,APPROVE,9.4,True,2026-05-30T16:25:00Z
CASE_0909_20260402,REV_03,EDD_REQUIRED,36.7,False,2026-04-02T23:12:00Z
CASE_0910_20260522,REV_06,APPROVE,30.0,True,2026-05-22T14:36:00Z
CASE_0911_20260526,REV_07,APPROVE,7.6,True,2026-05-27T20:28:00Z
CASE_0912_20260417,REV_09,APPROVE,39.5,True,2026-04-18T12:22:00Z
CASE_0913_20260326,REV_12,APPROVE,80.4,True,2026-03-26T23:36:00Z
CASE_0914_20260330,REV_10,EDD_REQUIRED,5.8,False,2026-03-31T05:12:00Z
CASE_0915_20260507,REV_05,APPROVE,11.5,True,2026-05-08T15:06:00Z
CASE_0916_20260303,REV_03,APPROVE,27.9,True,2026-03-04T12:07:00Z
CASE_0917_20260503,REV_05,APPROVE,6.3,True,2026-05-03T07:05:00Z
CASE_0918_20260309,REV_10,APPROVE,6.2,True,2026-03-10T05:20:00Z
CASE_0919_20260320,REV_07,APPROVE,4.5,True,2026-03-20T07:06:00Z
CASE_0920_20260303,REV_10,APPROVE,10.9,True,2026-03-03T09:50:00Z
CASE_0921_20260518,REV_08,EDD_REQUIRED,93.7,True,2026-05-19T17:39:00Z
CASE_0922_20260407,REV_06,APPROVE,35.1,True,2026-04-08T19:49:00Z
CASE_0923_20260417,REV_10,APPROVE,3.8,True,2026-04-18T10:53:00Z
CASE_0924_20260510,REV_08,EDD_REQUIRED,80.7,False,2026-05-11T10:47:00Z
CASE_0925_20260507,REV_03,APPROVE,29.5,True,2026-05-08T15:25:00Z
CASE_0926_20260509,REV_01,APPROVE,9.4,True,2026-05-10T14:05:00Z
CASE_0927_20260406,REV_10,APPROVE,9.2,True,2026-04-07T17:54:00Z
CASE_0928_20260313,REV_05,APPROVE,6.6,True,2026-03-14T17:41:00Z
CASE_0929_20260501,REV_10,APPROVE,3.7,True,2026-05-03T06:46:00Z
CASE_0930_20260305,REV_09,APPROVE,44.5,True,2026-03-06T08:46:00Z
CASE_0931_20260415,REV_05,APPROVE,4.7,True,2026-04-17T02:28:00Z
CASE_0932_20260323,REV_02,APPROVE,7.5,True,2026-03-24T13:28:00Z
CASE_0933_20260311,REV_03,APPROVE,24.1,True,2026-03-11T23:14:00Z
CASE_0934_20260326,REV_06,APPROVE,36.8,True,2026-03-27T12:00:00Z
CASE_0935_20260328,REV_05,REJECT,6.0,True,2026-03-28T15:05:00Z
CASE_0936_20260325,REV_07,APPROVE,3.6,True,2026-03-26T13:11:00Z
CASE_0937_20260326,REV_11,APPROVE,30.1,True,2026-03-27T02:03:00Z
CASE_0938_20260408,REV_11,EDD_REQUIRED,21.8,False,2026-04-09T11:19:00Z
CASE_0939_20260526,REV_06,APPROVE,31.9,True,2026-05-26T03:21:00Z
CASE_0940_20260315,REV_01,APPROVE,9.7,True,2026-03-16T10:57:00Z
CASE_0941_20260508,REV_07,APPROVE,9.6,True,2026-05-09T09:42:00Z
CASE_0942_20260331,REV_01,APPROVE,6.5,True,2026-04-01T03:17:00Z
CASE_0943_20260327,REV_02,REJECT,6.4,False,2026-03-28T09:26:00Z
CASE_0944_20260407,REV_12,APPROVE,68.2,True,2026-04-07T21:05:00Z
CASE_0945_20260331,REV_06,EDD_REQUIRED,24.4,True,2026-04-02T00:57:00Z
CASE_0946_20260503,REV_12,EDD_REQUIRED,67.6,False,2026-05-03T18:19:00Z
CASE_0947_20260308,REV_05,APPROVE,8.3,True,2026-03-10T03:46:00Z
CASE_0948_20260424,REV_04,REJECT,102.9,False,2026-04-26T04:52:00Z
CASE_0949_20260401,REV_06,APPROVE,23.3,True,2026-04-02T12:16:00Z
CASE_0950_20260506,REV_06,APPROVE,31.4,True,2026-05-07T15:58:00Z
CASE_0951_20260301,REV_10,APPROVE,4.8,True,2026-03-02T14:44:00Z
CASE_0952_20260317,REV_07,APPROVE,10.7,True,2026-03-18T17:42:00Z
CASE_0953_20260405,REV_04,APPROVE,70.2,True,2026-04-06T23:51:00Z
CASE_0954_20260313,REV_10,APPROVE,4.9,True,2026-03-14T04:33:00Z
CASE_0955_20260508,REV_05,APPROVE,5.6,True,2026-05-09T14:35:00Z
CASE_0956_20260308,REV_01,APPROVE,10.7,True,2026-03-08T16:36:00Z
CASE_0957_20260508,REV_11,APPROVE,24.0,True,2026-05-09T13:07:00Z
CASE_0958_20260526,REV_08,APPROVE,141.8,True,2026-05-27T10:22:00Z
CASE_0959_20260402,REV_08,APPROVE,113.8,True,2026-04-03T05:30:00Z
CASE_0960_20260429,REV_07,APPROVE,4.2,True,2026-04-29T21:28:00Z
CASE_0961_20260516,REV_07,APPROVE,9.3,True,2026-05-17T09:51:00Z
CASE_0962_20260326,REV_10,APPROVE,3.3,True,2026-03-27T10:39:00Z
CASE_0963_20260308,REV_07,APPROVE,5.1,True,2026-03-08T23:41:00Z
CASE_0964_20260507,REV_01,EDD_REQUIRED,5.3,True,2026-05-07T17:56:00Z
CASE_0965_20260410,REV_03,APPROVE,43.0,True,2026-04-11T02:29:00Z
CASE_0966_20260519,REV_02,APPROVE,6.4,True,2026-05-20T20:00:00Z
CASE_0967_20260329,REV_01,APPROVE,5.6,True,2026-03-30T13:37:00Z
CASE_0968_20260327,REV_09,APPROVE,33.0,True,2026-03-28T05:40:00Z
CASE_0969_20260512,REV_11,APPROVE,22.2,True,2026-05-13T19:53:00Z
CASE_0970_20260302,REV_11,REJECT,25.2,False,2026-03-02T20:02:00Z
CASE_0971_20260401,REV_04,EDD_REQUIRED,148.6,False,2026-04-03T04:10:00Z
CASE_0972_20260319,REV_01,APPROVE,5.3,True,2026-03-20T13:00:00Z
CASE_0973_20260427,REV_01,APPROVE,10.0,True,2026-04-27T19:47:00Z
CASE_0974_20260414,REV_07,APPROVE,8.0,True,2026-04-14T13:27:00Z
CASE_0975_20260517,REV_05,APPROVE,4.3,True,2026-05-18T20:01:00Z
CASE_0976_20260330,REV_01,APPROVE,11.5,True,2026-03-31T21:49:00Z
CASE_0977_20260410,REV_01,APPROVE,6.7,True,2026-04-11T10:58:00Z
CASE_0978_20260312,REV_01,APPROVE,8.9,True,2026-03-13T07:37:00Z
CASE_0979_20260511,REV_01,APPROVE,7.8,True,2026-05-11T22:51:00Z
CASE_0980_20260512,REV_03,APPROVE,52.1,True,2026-05-13T14:51:00Z
CASE_0981_20260302,REV_10,APPROVE,11.4,True,2026-03-02T09:20:00Z
CASE_0982_20260520,REV_10,APPROVE,8.4,True,2026-05-20T07:40:00Z
CASE_0983_20260425,REV_12,APPROVE,95.2,True,2026-04-26T02:58:00Z
CASE_0984_20260513,REV_09,APPROVE,51.2,True,2026-05-13T22:12:00Z
CASE_0985_20260514,REV_08,EDD_REQUIRED,37.5,False,2026-05-15T04:18:00Z
CASE_0986_20260515,REV_09,APPROVE,41.5,True,2026-05-16T22:10:00Z
CASE_0987_20260412,REV_03,EDD_REQUIRED,21.7,False,2026-04-13T09:34:00Z
CASE_0988_20260410,REV_11,APPROVE,32.6,True,2026-04-11T02:57:00Z
CASE_0989_20260311,REV_06,APPROVE,35.0,True,2026-03-12T17:50:00Z
CASE_0990_20260326,REV_04,REJECT,109.8,False,2026-03-27T23:19:00Z
CASE_0991_20260416,REV_10,APPROVE,3.5,True,2026-04-17T09:11:00Z
CASE_0992_20260406,REV_02,APPROVE,11.4,True,2026-04-06T18:37:00Z
CASE_0993_20260429,REV_07,EDD_REQUIRED,9.3,True,2026-05-01T10:52:00Z
CASE_0994_20260421,REV_05,APPROVE,4.6,True,2026-04-23T00:25:00Z
CASE_0995_20260328,REV_08,EDD_REQUIRED,113.9,True,2026-03-29T15:00:00Z
CASE_0996_20260312,REV_07,APPROVE,4.2,True,2026-03-12T19:34:00Z
CASE_0997_20260515,REV_05,APPROVE,9.0,True,2026-05-16T12:51:00Z
CASE_0998_20260522,REV_11,APPROVE,48.6,True,2026-05-23T08:00:00Z
CASE_0999_20260405,REV_01,APPROVE,6.3,True,2026-04-06T11:05:00Z
CASE_1000_20260407,REV_09,APPROVE,40.3,True,2026-04-08T02:12:00Z
